Date,Location,Temperature F Max,Temperature F Avg,Temperature F Min,Dew Point F Max,Dew Point F Avg,Dew Point F Min,Humidity % Max,Humidity % Avg,Humidity % Min,Wind Speed mph Max,Wind Speed mph Avg,Wind Speed mph Min,Pressure Hg Max,Pressure Hg Avg,Pressure Hg Min,Precipitation In
2017-10-1,Chicago,70.0,56.8,43.0,43.0,39.0,32.0,90.0,55.0,25.0,14.0,6.8,0.0,29.7,29.6,29.5,0.0
2017-10-2,Chicago,82.0,68.2,59.0,50.0,45.0,40.0,63.0,44.8,26.0,16.0,8.8,5.0,29.6,29.3,19.8,0.0
2017-10-3,Chicago,81.0,71.2,66.0,67.0,58.6,45.0,84.0,65.5,43.0,14.0,9.3,6.0,29.7,29.6,29.6,0.0
2017-10-4,Chicago,75.0,69.0,59.0,68.0,62.7,55.0,94.0,81.0,68.0,14.0,6.0,0.0,29.7,29.6,29.6,0.0
2017-10-5,Chicago,73.0,65.3,61.0,61.0,55.7,45.0,96.0,73.5,38.0,9.0,3.8,0.0,29.6,29.5,29.4,0.0
2017-10-6,Chicago,72.0,66.7,64.0,70.0,64.2,62.0,100.0,92.7,78.0,9.0,3.6,0.0,29.4,29.3,29.2,0.0
2017-10-7,Chicago,82.0,69.8,63.0,63.0,58.9,55.0,94.0,69.7,42.0,23.0,11.7,6.0,29.2,29.1,28.9,0.0
2017-10-8,Chicago,79.0,62.9,54.0,55.0,52.2,41.0,94.0,72.0,26.0,20.0,6.0,0.0,29.2,29.2,29.1,0.0
2017-10-9,Chicago,81.0,61.5,48.0,64.0,53.5,46.0,100.0,80.0,34.0,9.0,3.8,0.0,29.4,29.3,29.1,0.0
2017-10-10,Chicago,66.0,64.3,62.0,63.0,60.9,59.0,94.0,88.2,78.0,25.0,11.7,6.0,29.5,29.4,29.3,0.0
2017-10-11,Chicago,62.0,59.2,57.0,61.0,56.1,53.0,96.0,89.9,82.0,21.0,12.1,6.0,29.5,29.4,29.3,0.0
2017-10-12,Chicago,61.0,58.2,55.0,56.0,53.5,52.0,88.0,84.5,77.0,10.0,5.6,0.0,29.6,29.5,29.5,0.0
2017-10-13,Chicago,75.0,63.1,54.0,57.0,55.3,54.0,100.0,78.0,47.0,12.0,3.8,0.0,29.6,29.5,29.4,0.0
2017-10-14,Chicago,69.0,65.3,62.0,66.0,61.4,54.0,100.0,87.9,59.0,26.0,4.8,0.0,29.5,29.4,29.2,0.0
2017-10-15,Chicago,68.0,59.7,49.0,68.0,53.4,39.0,100.0,80.6,54.0,25.0,12.8,3.0,29.6,29.3,29.1,0.0
2017-10-16,Chicago,63.0,50.3,43.0,43.0,39.0,32.0,93.0,69.0,32.0,14.0,6.7,0.0,29.7,29.6,29.6,0.0
2017-10-17,Chicago,72.0,56.0,46.0,39.0,37.2,34.0,77.0,52.3,25.0,18.0,6.3,0.0,29.6,29.6,29.5,0.0
2017-10-18,Chicago,72.0,59.2,52.0,44.0,38.9,34.0,62.0,48.7,25.0,13.0,7.0,0.0,29.6,29.5,29.4,0.0
2017-10-19,Chicago,66.0,56.9,46.0,48.0,39.6,12.0,93.0,57.4,12.0,10.0,5.5,3.0,29.6,29.5,29.4,0.0
2017-10-20,Chicago,81.0,63.7,55.0,50.0,44.0,32.0,77.0,50.6,26.0,12.0,6.7,3.0,29.6,29.5,29.4,0.0
2017-10-21,Chicago,77.0,67.9,59.0,55.0,49.7,46.0,67.0,52.7,44.0,17.0,9.5,6.0,29.5,29.4,29.4,0.0
2017-10-22,Chicago,73.0,63.7,54.0,63.0,54.0,49.0,100.0,72.5,52.0,17.0,10.9,6.0,29.4,29.4,29.3,0.0
2017-10-23,Chicago,57.0,54.6,52.0,56.0,52.0,46.0,100.0,91.3,81.0,20.0,10.9,0.0,29.4,29.2,29.0,0.0
2017-10-24,Chicago,52.0,47.4,43.0,48.0,43.5,38.0,93.0,86.4,74.0,20.0,11.6,6.0,29.2,29.0,28.9,0.0
2017-10-25,Chicago,52.0,42.5,37.0,38.0,34.0,25.0,98.0,74.1,35.0,12.0,6.4,0.0,29.2,29.2,29.1,0.0
2017-10-26,Chicago,59.0,45.9,36.0,39.0,36.5,35.0,100.0,74.3,42.0,18.0,7.5,0.0,29.3,29.2,29.0,0.0
2017-10-27,Chicago,53.0,43.1,40.0,42.0,30.6,25.0,68.0,61.3,53.0,24.0,14.3,6.0,29.3,29.2,29.0,0.0
2017-10-28,Chicago,43.0,39.6,37.0,34.0,30.0,27.0,87.0,69.0,57.0,20.0,9.7,0.0,29.3,29.2,29.2,0.0
2017-10-29,Chicago,46.0,40.0,32.0,30.0,27.4,23.0,87.0,62.1,40.0,12.0,6.1,0.0,29.3,29.2,29.1,0.0
2017-10-30,Chicago,50.0,44.9,40.0,37.0,28.2,23.0,76.0,53.1,37.0,30.0,13.5,0.0,29.3,29.1,29.0,0.0
2017-10-31,Chicago,41.0,38.0,36.0,28.0,21.5,18.0,70.0,52.2,42.0,28.0,11.8,0.0,29.6,29.4,29.3,0.0
2017-11-1,Chicago,46.0,40.6,37.0,44.0,32.3,26.0,96.0,72.9,61.0,14.0,5.2,0.0,29.5,29.4,29.2,0.0
2017-11-2,Chicago,54.0,50.4,46.0,54.0,48.9,44.0,100.0,95.2,78.0,15.0,4.9,0.0,29.4,29.3,29.2,0.0
2017-11-3,Chicago,52.0,48.1,45.0,45.0,38.4,34.0,81.0,69.2,58.0,20.0,13.5,8.0,29.7,29.6,29.5,0.0
2017-11-4,Chicago,54.0,46.6,41.0,54.0,43.3,34.0,100.0,88.2,67.0,20.0,5.3,0.0,29.6,29.4,29.2,0.0
2017-11-5,Chicago,54.0,52.4,49.0,54.0,49.0,40.0,100.0,89.5,67.0,17.0,6.4,0.0,29.4,29.2,29.1,0.0
2017-11-6,Chicago,48.0,44.0,39.0,41.0,33.9,32.0,81.0,68.3,61.0,17.0,11.3,0.0,29.6,29.6,29.4,0.0
2017-11-7,Chicago,48.0,44.2,38.0,34.0,31.1,28.0,69.0,60.1,50.0,16.0,8.7,0.0,29.7,29.7,29.6,0.0
2017-11-8,Chicago,46.0,31.2,0.0,32.0,25.5,0.0,96.0,71.2,0.0,12.0,4.8,0.0,29.7,29.6,29.6,0.0
2017-11-9,Chicago,48.0,35.8,28.0,30.0,20.9,7.0,86.0,56.4,35.0,24.0,11.6,0.0,29.8,29.6,29.5,0.0
2017-11-10,Chicago,34.0,29.1,27.0,21.0,13.2,9.0,74.0,51.6,40.0,18.0,9.9,5.0,30.0,29.9,29.8,0.0
2017-11-11,Chicago,39.0,33.5,27.0,26.0,19.2,13.0,69.0,56.0,48.0,17.0,6.2,0.0,29.9,29.7,29.6,0.0
2017-11-12,Chicago,41.0,38.8,37.0,37.0,34.6,28.0,93.0,84.7,63.0,9.0,3.0,0.0,29.8,29.7,29.6,0.0
2017-11-13,Chicago,46.0,38.0,32.0,37.0,33.7,30.0,100.0,84.9,57.0,12.0,4.8,0.0,29.9,29.8,29.8,0.0
2017-11-14,Chicago,50.0,42.8,32.0,36.0,33.8,31.0,98.0,72.5,54.0,14.0,6.9,0.0,29.8,29.6,29.4,0.0
2017-11-15,Chicago,52.0,44.5,36.0,48.0,36.4,27.0,94.0,74.1,56.0,24.0,13.6,7.0,29.4,29.3,29.1,0.0
2017-11-16,Chicago,39.0,37.4,34.0,31.0,28.3,25.0,75.0,69.9,64.0,20.0,7.8,0.0,29.6,29.5,29.4,0.0
2017-11-17,Chicago,49.0,42.6,36.0,46.0,35.7,30.0,93.0,77.0,57.0,26.0,9.2,3.0,29.6,29.3,28.9,0.0
2017-11-18,Chicago,49.0,43.9,39.0,48.0,38.9,27.0,100.0,83.7,60.0,28.0,13.9,0.0,29.2,29.0,28.8,0.0
2017-11-19,Chicago,40.0,34.3,30.0,29.0,21.9,16.0,69.0,61.2,44.0,21.0,11.2,3.0,29.5,29.4,29.2,0.0
2017-11-20,Chicago,54.0,41.5,31.0,32.0,25.9,22.0,70.0,54.9,40.0,18.0,11.6,3.0,29.4,29.3,29.1,0.0
2017-11-21,Chicago,45.0,38.7,30.0,36.0,23.5,15.0,76.0,54.8,48.0,20.0,13.3,8.0,29.6,29.3,29.1,0.0
2017-11-22,Chicago,36.0,31.1,27.0,18.0,15.6,10.0,64.0,53.3,35.0,13.0,6.7,0.0,29.7,29.6,29.6,0.0
2017-11-23,Chicago,48.0,37.3,32.0,28.0,22.8,17.0,77.0,57.7,34.0,17.0,5.6,0.0,29.5,29.4,29.3,0.0
2017-11-24,Chicago,63.0,47.2,34.0,37.0,31.5,27.0,78.0,56.8,32.0,17.0,9.1,3.0,29.3,29.1,28.9,0.0
2017-11-25,Chicago,52.0,45.9,39.0,42.0,32.1,25.0,81.0,59.4,38.0,23.0,11.0,5.0,29.5,29.3,29.0,0.0
2017-11-26,Chicago,50.0,40.8,29.0,32.0,26.3,19.0,85.0,57.7,37.0,14.0,7.6,0.0,29.6,29.5,29.4,0.0
2017-11-27,Chicago,57.0,48.0,32.0,34.0,32.2,30.0,100.0,57.8,36.0,17.0,6.3,0.0,29.4,29.4,29.3,0.0
2017-11-28,Chicago,64.0,54.0,45.0,41.0,31.3,23.0,58.0,42.8,31.0,18.0,11.7,7.0,29.6,29.4,29.3,0.0
2017-11-29,Chicago,46.0,43.2,36.0,36.0,26.1,18.0,93.0,52.2,35.0,12.0,6.3,0.0,29.7,29.6,29.4,0.0
2017-11-30,Chicago,55.0,45.3,35.0,30.0,26.2,21.0,73.0,48.2,26.0,20.0,8.9,3.0,29.6,29.4,29.4,0.0
2017-12-1,Chicago,54.0,36.3,27.0,32.0,26.8,19.0,93.0,72.9,26.0,10.0,2.6,0.0,29.6,29.6,29.5,0.0
2017-12-2,Chicago,57.0,38.9,30.0,37.0,29.4,27.0,96.0,72.6,31.0,12.0,3.8,0.0,29.5,29.5,29.4,0.0
2017-12-3,Chicago,59.0,43.0,28.0,34.0,29.9,27.0,100.0,65.6,29.0,14.0,5.9,0.0,29.6,29.5,29.4,0.0
2017-12-4,Chicago,66.0,57.9,50.0,55.0,40.3,32.0,78.0,52.7,42.0,25.0,15.8,8.0,29.4,29.1,28.9,0.0
2017-12-5,Chicago,49.0,37.2,29.0,39.0,19.7,9.0,70.0,50.4,33.0,37.0,20.5,3.0,29.4,29.2,29.0,0.0
2017-12-6,Chicago,36.0,31.6,28.0,21.0,13.1,5.0,60.0,47.5,28.0,23.0,11.5,5.0,29.4,29.4,29.3,0.0
2017-12-7,Chicago,28.0,24.5,0.0,18.0,11.6,0.0,74.0,56.1,0.0,20.0,13.0,7.0,29.6,29.5,29.4,0.0
2017-12-8,Chicago,37.0,26.4,18.0,10.0,7.1,5.0,63.0,45.8,26.0,20.0,8.8,3.0,29.5,29.3,29.1,0.0
2017-12-9,Chicago,32.0,27.9,20.0,27.0,19.4,10.0,93.0,71.2,41.0,29.0,10.0,3.0,29.4,29.2,29.0,0.0
2017-12-10,Chicago,36.0,27.6,18.0,21.0,16.8,12.0,78.0,64.8,52.0,17.0,8.6,0.0,29.5,29.4,29.3,0.0
2017-12-11,Chicago,39.0,31.0,22.0,34.0,22.9,17.0,100.0,72.9,56.0,23.0,8.1,0.0,29.4,29.3,29.0,0.0
2017-12-12,Chicago,33.0,24.6,19.0,22.0,10.1,5.0,65.0,54.2,43.0,25.0,14.5,0.0,29.5,29.1,19.6,0.0
2017-12-13,Chicago,39.0,29.6,23.0,34.0,15.9,6.0,93.0,57.5,38.0,41.0,13.5,0.0,29.3,29.0,28.7,0.0
2017-12-14,Chicago,32.0,25.2,15.0,27.0,16.2,9.0,86.0,66.6,0.0,25.0,10.1,0.0,29.4,29.4,29.2,0.0
2017-12-15,Chicago,39.0,28.8,0.0,23.0,15.6,0.0,75.0,56.8,0.0,21.0,10.1,0.0,29.4,29.3,29.3,0.0
2017-12-16,Chicago,50.0,36.5,27.0,28.0,23.1,19.0,94.0,61.8,35.0,14.0,6.5,0.0,29.4,29.3,29.2,0.0
2017-12-17,Chicago,48.0,36.4,27.0,38.0,30.4,24.0,95.0,80.3,50.0,14.0,3.4,0.0,29.4,29.4,29.4,0.0
2017-12-18,Chicago,46.0,44.1,41.0,43.0,39.4,37.0,93.0,84.4,71.0,17.0,9.0,3.0,29.4,29.3,29.3,0.0
2017-12-19,Chicago,52.0,42.7,35.0,37.0,29.9,16.0,87.0,63.4,36.0,20.0,10.4,5.0,29.5,29.3,29.2,0.0
2017-12-20,Chicago,37.0,34.3,29.0,25.0,21.5,15.0,80.0,60.7,41.0,15.0,8.6,0.0,29.5,29.5,29.4,0.0
2017-12-21,Chicago,41.0,36.3,32.0,33.0,24.0,21.0,90.0,61.9,45.0,14.0,7.5,0.0,29.5,29.4,29.3,0.0
2017-12-22,Chicago,41.0,37.3,35.0,36.0,33.1,29.0,95.0,85.2,75.0,13.0,4.7,0.0,29.4,29.4,29.3,0.0
2017-12-23,Chicago,36.0,31.9,25.0,29.0,21.8,14.0,77.0,66.7,44.0,22.0,11.5,3.0,29.6,29.5,29.4,0.0
2017-12-24,Chicago,28.0,24.3,20.0,23.0,16.9,13.0,86.0,73.8,63.0,17.0,7.0,0.0,29.6,29.5,29.4,0.0
2017-12-25,Chicago,23.0,13.7,0.0,15.0,5.5,0.0,79.0,48.5,0.0,21.0,11.9,0.0,29.8,25.7,0.0,0.0
2017-12-26,Chicago,9.0,2.0,0.0,0.0,-3.9,-11.0,68.0,25.9,0.0,17.0,7.0,0.0,30.0,18.6,0.0,0.0
2017-12-27,Chicago,10.0,2.4,-2.0,-3.0,-8.2,-13.0,73.0,61.8,41.0,12.0,8.1,5.0,30.1,30.1,30.0,0.0
2017-12-28,Chicago,15.0,9.7,2.0,9.0,1.9,-5.0,79.0,70.7,53.0,8.0,3.9,0.0,30.1,29.9,29.1,0.0
2017-12-29,Chicago,17.0,14.6,10.0,12.0,8.2,5.0,86.0,76.5,62.0,14.0,6.9,0.0,29.7,29.7,29.6,0.0
2017-12-30,Chicago,16.0,9.0,0.0,12.0,-1.2,-11.0,82.0,61.2,0.0,23.0,12.1,5.0,29.8,29.7,29.5,0.0
2017-12-31,Chicago,16.0,6.6,2.0,0.0,-5.7,-11.0,66.0,57.9,45.0,15.0,10.1,5.0,30.0,29.9,29.8,0.0
2017-9-1,Chicago,70.0,61.8,55.0,48.0,44.8,37.0,67.0,54.5,38.0,18.0,11.0,5.0,29.6,29.5,29.5,0.0
2017-9-2,Chicago,72.0,57.9,43.0,59.0,47.5,39.0,100.0,71.9,35.0,12.0,4.1,0.0,29.5,29.4,29.3,0.0
2017-9-3,Chicago,82.0,65.2,52.0,63.0,54.4,46.0,94.0,73.1,28.0,12.0,2.1,0.0,29.4,29.3,29.3,0.0
2017-9-4,Chicago,86.0,70.5,60.0,68.0,56.1,50.0,88.0,61.0,46.0,24.0,8.8,0.0,29.3,29.2,29.1,0.0
2017-9-5,Chicago,72.0,62.3,55.0,53.0,46.4,37.0,79.0,58.1,31.0,18.0,10.2,3.0,29.3,29.3,29.2,0.0
2017-9-6,Chicago,66.0,56.8,50.0,48.0,45.0,41.0,87.0,65.8,42.0,17.0,8.0,3.0,29.4,29.4,29.3,0.0
2017-9-7,Chicago,70.0,58.5,52.0,49.0,45.6,37.0,88.0,65.2,31.0,14.0,6.7,0.0,29.4,29.4,29.4,0.0
2017-9-8,Chicago,68.0,60.9,54.0,54.0,48.6,32.0,85.0,64.8,32.0,14.0,5.1,0.0,29.7,29.6,29.4,0.0
2017-9-9,Chicago,72.0,61.5,47.0,51.0,46.5,43.0,84.0,59.4,35.0,16.0,8.6,3.0,29.8,29.7,29.7,0.0
2017-9-10,Chicago,70.0,55.8,41.0,54.0,45.3,37.0,91.0,70.1,33.0,14.0,5.0,0.0,29.8,29.8,29.7,0.0
2017-9-11,Chicago,70.0,56.6,44.0,56.0,48.2,41.0,92.0,75.8,46.0,12.0,4.1,0.0,29.7,29.6,29.5,0.0
2017-9-12,Chicago,73.0,62.6,50.0,64.0,56.0,48.0,100.0,80.5,46.0,15.0,5.7,0.0,29.5,29.4,29.2,0.0
2017-9-13,Chicago,70.0,63.7,57.0,63.0,59.6,55.0,100.0,86.5,72.0,6.0,2.1,0.0,29.2,29.2,29.1,0.0
2017-9-14,Chicago,79.0,64.4,53.0,63.0,58.1,53.0,100.0,83.2,47.0,7.0,1.9,0.0,29.3,29.3,29.2,0.0
2017-9-15,Chicago,86.0,71.1,61.0,63.0,59.5,55.0,94.0,69.8,35.0,12.0,6.1,3.0,29.4,29.4,29.3,0.0
2017-9-16,Chicago,88.0,74.0,64.0,63.0,60.1,52.0,88.0,63.9,31.0,12.0,6.8,0.0,29.5,29.4,29.4,0.0
2017-9-17,Chicago,88.0,74.1,70.0,68.0,63.1,59.0,80.0,69.1,38.0,14.0,6.9,0.0,29.5,29.2,19.7,0.0
2017-9-18,Chicago,72.0,68.0,64.0,65.0,59.0,57.0,87.0,73.1,64.0,14.0,7.7,5.0,29.5,29.4,29.4,0.0
2017-9-19,Chicago,77.0,67.8,61.0,70.0,64.5,59.0,100.0,89.8,65.0,12.0,2.5,0.0,29.3,29.3,29.3,0.0
2017-9-20,Chicago,91.0,74.2,60.0,68.0,64.3,59.0,100.0,75.8,38.0,14.0,4.9,0.0,29.3,29.3,29.3,0.0
2017-9-21,Chicago,93.0,78.9,72.0,72.0,68.0,61.0,92.0,71.8,36.0,8.0,3.5,0.0,29.4,29.4,29.3,0.0
2017-9-22,Chicago,93.0,77.0,68.0,70.0,66.4,59.0,96.0,74.0,32.0,9.0,3.1,0.0,29.5,29.4,29.4,0.0
2017-9-23,Chicago,91.0,74.8,66.0,69.0,65.8,59.0,100.0,77.7,34.0,14.0,3.2,0.0,29.5,29.4,29.4,0.0
2017-9-24,Chicago,91.0,72.5,64.0,67.0,62.0,50.0,94.0,74.1,24.0,10.0,3.3,0.0,29.5,29.4,29.4,0.0
2017-9-25,Chicago,91.0,70.8,61.0,61.0,57.0,46.0,94.0,68.6,21.0,10.0,3.5,0.0,29.4,29.4,29.3,0.0
2017-9-26,Chicago,91.0,75.8,65.0,68.0,59.8,52.0,85.0,61.3,27.0,14.0,5.7,0.0,29.4,29.3,29.3,0.0
2017-9-27,Chicago,75.0,68.6,62.0,65.0,55.5,46.0,76.0,63.3,46.0,17.0,11.7,6.0,29.5,29.4,29.4,0.0
2017-9-28,Chicago,68.0,60.6,50.0,51.0,47.8,43.0,88.0,64.2,40.0,13.0,7.3,0.0,29.6,29.5,29.5,0.0
2017-9-29,Chicago,68.0,62.1,55.0,52.0,46.0,43.0,77.0,56.0,45.0,18.0,9.8,0.0,29.7,29.6,29.5,0.0
2017-9-30,Chicago,66.0,59.1,47.0,48.0,43.3,41.0,83.0,56.0,43.0,15.0,9.0,3.0,29.8,29.7,29.7,0.0
2018-1-1,Chicago,5.0,-1.5,-6.0,-10.0,-13.5,-17.0,69.0,57.3,47.0,18.0,11.0,3.0,30.1,30.0,30.0,0.0
2018-1-2,Chicago,8.0,-0.8,-8.0,-3.0,-10.6,-15.0,72.0,64.0,47.0,17.0,7.8,0.0,30.0,29.9,29.5,0.0
2018-1-3,Chicago,19.0,13.6,8.0,10.0,2.8,-2.0,79.0,62.5,54.0,17.0,10.4,7.0,29.6,29.5,29.4,0.0
2018-1-4,Chicago,14.0,7.7,3.0,1.0,-3.5,-6.0,73.0,61.0,45.0,17.0,10.9,8.0,29.7,29.6,29.6,0.0
2018-1-5,Chicago,14.0,5.3,0.0,-4.0,-6.1,-8.0,73.0,60.6,41.0,16.0,10.1,7.0,29.9,29.8,29.7,0.0
2018-1-6,Chicago,18.0,6.5,0.0,-2.0,-6.1,-9.0,72.0,57.4,35.0,10.0,6.5,0.0,30.0,29.9,29.8,0.0
2018-1-7,Chicago,34.0,22.7,7.0,32.0,11.8,-5.0,92.0,63.8,46.0,16.0,10.7,6.0,29.8,29.5,29.3,0.0
2018-1-8,Chicago,37.0,34.5,31.0,34.0,30.4,28.0,93.0,85.8,70.0,23.0,10.5,5.0,29.5,29.4,29.3,0.0
2018-1-9,Chicago,32.0,30.1,27.0,31.0,28.2,26.0,100.0,92.7,87.0,12.0,4.8,0.0,29.7,29.6,29.5,0.0
2018-1-10,Chicago,57.0,44.3,33.0,52.0,41.8,31.0,100.0,90.9,81.0,20.0,12.3,6.0,29.5,29.3,29.1,0.0
2018-1-11,Chicago,61.0,49.5,0.0,57.0,46.0,0.0,94.0,82.3,0.0,24.0,13.7,0.0,29.3,29.1,29.0,0.0
2018-1-12,Chicago,27.0,25.7,23.0,23.0,19.1,15.0,86.0,77.1,69.0,38.0,22.3,12.0,29.7,29.4,29.3,0.0
2018-1-13,Chicago,23.0,14.9,6.0,14.0,4.6,-2.0,79.0,64.6,49.0,30.0,13.3,0.0,30.0,29.9,29.7,0.0
2018-1-14,Chicago,21.0,12.0,3.0,63.0,5.7,-2.0,85.0,69.3,0.0,14.0,6.9,3.0,30.0,29.9,29.6,0.0
2018-1-15,Chicago,27.0,17.7,10.0,21.0,12.2,3.0,86.0,78.6,67.0,17.0,11.4,6.0,29.7,29.6,29.5,0.0
2018-1-16,Chicago,25.0,13.6,5.0,18.0,6.4,-1.0,80.0,74.1,59.0,20.0,10.2,0.0,29.9,29.8,29.7,0.0
2018-1-17,Chicago,21.0,12.0,0.0,10.0,6.0,0.0,85.0,48.9,0.0,20.0,9.8,0.0,29.9,26.6,0.0,0.0
2018-1-18,Chicago,32.0,24.2,16.0,21.0,13.4,9.0,73.0,64.0,48.0,24.0,11.7,7.0,29.6,29.5,29.4,0.0
2018-1-19,Chicago,39.0,33.1,27.0,27.0,21.5,16.0,69.0,62.0,48.0,18.0,12.3,7.0,29.4,29.3,29.1,0.0
2018-1-20,Chicago,46.0,39.2,34.0,37.0,31.1,27.0,87.0,73.0,57.0,17.0,7.7,0.0,29.4,29.3,29.2,0.0
2018-1-21,Chicago,48.0,43.4,39.0,48.0,41.5,35.0,100.0,92.5,82.0,7.0,4.3,0.0,29.4,29.3,29.2,0.0
2018-1-22,Chicago,55.0,49.0,39.0,51.0,45.2,32.0,100.0,88.2,66.0,23.0,9.6,3.0,29.2,29.0,28.8,0.0
2018-1-23,Chicago,39.0,34.5,30.0,34.0,28.8,23.0,93.0,79.9,69.0,17.0,9.9,3.0,29.5,29.2,28.9,0.0
2018-1-24,Chicago,32.0,30.2,28.0,27.0,22.8,19.0,86.0,73.6,64.0,12.0,5.9,0.0,29.7,29.6,29.5,0.0
2018-1-25,Chicago,45.0,33.9,27.0,32.0,26.4,21.0,82.0,74.5,57.0,17.0,6.5,0.0,29.8,29.7,29.6,0.0
2018-1-26,Chicago,54.0,46.4,39.0,32.0,29.4,25.0,74.0,54.2,33.0,26.0,13.1,7.0,29.6,29.5,29.4,0.0
2018-1-27,Chicago,52.0,46.3,34.0,41.0,28.6,14.0,76.0,52.5,22.0,23.0,11.7,0.0,29.6,29.5,29.4,0.0
2018-1-28,Chicago,41.0,33.6,25.0,34.0,27.6,23.0,93.0,78.5,65.0,20.0,7.4,0.0,29.7,29.7,29.6,0.0
2018-1-29,Chicago,33.0,26.5,0.0,27.0,18.6,0.0,86.0,67.9,0.0,31.0,16.1,6.0,29.8,29.8,29.7,0.0
2018-1-30,Chicago,32.0,24.7,14.0,16.0,11.6,9.0,86.0,59.1,41.0,20.0,9.6,5.0,29.9,29.7,29.4,0.0
2018-1-31,Chicago,45.0,37.8,32.0,28.0,21.8,15.0,65.0,53.1,43.0,18.0,12.2,5.0,29.4,29.2,29.1,0.0
2018-10-1,Chicago,77.0,65.9,59.0,64.0,60.4,57.0,100.0,83.9,61.0,12.0,6.0,0.0,29.6,29.5,29.4,0.0
2018-10-2,Chicago,77.0,65.1,59.0,68.0,62.2,57.0,100.0,90.9,61.0,13.0,4.9,0.0,29.5,29.4,29.4,0.0
2018-10-3,Chicago,88.0,72.9,60.0,68.0,62.1,57.0,100.0,72.6,43.0,17.0,9.0,0.0,29.4,29.3,29.1,0.0
2018-10-4,Chicago,81.0,65.3,55.0,71.0,55.7,43.0,89.0,71.3,59.0,25.0,13.8,7.0,29.6,29.4,29.1,0.0
2018-10-5,Chicago,68.0,60.1,54.0,68.0,56.2,43.0,100.0,87.6,63.0,14.0,6.0,0.0,29.5,29.4,29.3,0.0
2018-10-6,Chicago,73.0,65.6,59.0,72.0,63.9,54.0,100.0,94.3,77.0,20.0,8.4,0.0,29.5,29.4,29.3,0.0
2018-10-7,Chicago,66.0,61.5,59.0,66.0,60.2,54.0,100.0,95.0,82.0,13.0,7.4,0.0,29.6,29.5,29.5,0.0
2018-10-8,Chicago,86.0,73.1,66.0,70.0,66.9,59.0,100.0,83.2,42.0,14.0,7.5,0.0,29.5,29.4,29.4,0.0
2018-10-9,Chicago,86.0,76.5,72.0,68.0,66.1,63.0,88.0,71.6,45.0,14.0,6.7,3.0,29.4,29.4,29.2,0.0
2018-10-10,Chicago,74.0,68.8,55.0,70.0,62.9,46.0,100.0,82.2,70.0,32.0,10.8,0.0,29.2,29.1,29.0,0.0
2018-10-11,Chicago,54.0,49.0,42.0,45.0,35.8,31.0,70.0,60.7,44.0,30.0,15.0,8.0,29.4,29.3,29.1,0.0
2018-10-12,Chicago,45.0,40.2,37.0,37.0,34.2,30.0,95.0,79.8,57.0,16.0,8.2,5.0,29.4,29.4,29.3,0.0
2018-10-13,Chicago,54.0,42.4,36.0,38.0,36.0,30.0,100.0,81.0,47.0,14.0,5.2,0.0,29.4,29.4,29.3,0.0
2018-10-14,Chicago,61.0,47.7,37.0,48.0,41.1,36.0,100.0,80.4,48.0,10.0,3.4,0.0,29.4,29.4,29.3,0.0
2018-10-15,Chicago,50.0,44.2,34.0,49.0,37.4,25.0,100.0,79.2,37.0,20.0,9.8,0.0,29.6,29.5,29.4,0.0
2018-10-16,Chicago,59.0,44.4,33.0,35.0,30.9,25.0,92.0,64.5,27.0,29.0,8.5,0.0,29.6,29.5,29.4,0.0
2018-10-17,Chicago,54.0,44.9,33.0,36.0,31.8,21.0,97.0,62.8,32.0,16.0,8.0,0.0,29.8,29.6,29.4,0.0
2018-10-18,Chicago,59.0,43.8,32.0,34.0,28.3,19.0,100.0,61.4,22.0,14.0,5.6,0.0,29.9,29.8,29.7,0.0
2018-10-19,Chicago,59.0,50.1,45.0,50.0,38.5,27.0,94.0,67.0,39.0,24.0,8.8,0.0,29.7,29.4,29.2,0.0
2018-10-20,Chicago,55.0,46.2,37.0,50.0,34.6,18.0,93.0,66.0,36.0,35.0,14.3,5.0,29.7,29.4,29.2,0.0
2018-10-21,Chicago,52.0,39.6,30.0,26.0,21.9,16.0,80.0,51.6,24.0,15.0,7.4,0.0,29.8,29.6,29.5,0.0
2018-10-22,Chicago,64.0,47.9,39.0,36.0,30.6,26.0,70.0,52.7,30.0,15.0,6.2,0.0,29.5,29.4,29.4,0.0
2018-10-23,Chicago,52.0,47.0,41.0,39.0,35.0,30.0,72.0,63.0,54.0,20.0,8.2,0.0,29.7,29.6,29.4,0.0
2018-10-24,Chicago,52.0,44.1,34.0,38.0,35.0,32.0,93.0,71.0,50.0,14.0,5.9,0.0,29.8,29.7,29.7,0.0
2018-10-25,Chicago,52.0,41.9,32.0,36.0,33.9,32.0,99.0,74.9,50.0,10.0,3.5,0.0,29.7,29.5,29.4,0.0
2018-10-26,Chicago,52.0,48.1,44.0,43.0,37.4,35.0,76.0,67.3,54.0,12.0,5.2,0.0,29.4,29.2,29.2,0.0
2018-10-27,Chicago,54.0,48.1,45.0,47.0,42.0,37.0,100.0,80.7,62.0,12.0,2.8,0.0,29.3,29.2,29.2,0.0
2018-10-28,Chicago,52.0,47.6,44.0,50.0,43.6,41.0,100.0,86.6,67.0,26.0,10.3,0.0,29.3,29.2,29.0,0.0
2018-10-29,Chicago,55.0,46.4,39.0,43.0,40.4,37.0,100.0,81.2,54.0,10.0,5.8,0.0,29.4,29.4,29.3,0.0
2018-10-30,Chicago,72.0,55.1,46.0,59.0,46.8,39.0,97.0,75.8,51.0,10.0,6.3,0.0,29.4,29.3,29.1,0.0
2018-10-31,Chicago,56.0,51.8,46.0,56.0,49.2,45.0,100.0,91.5,72.0,18.0,6.9,0.0,29.4,29.3,29.1,0.0
2018-11-1,Chicago,54.0,50.2,46.0,47.0,40.2,34.0,98.0,69.5,50.0,17.0,10.1,0.0,29.3,29.2,29.1,0.0
2018-11-2,Chicago,48.0,45.8,39.0,41.0,36.4,34.0,93.0,69.4,62.0,12.0,8.2,3.0,29.3,29.2,29.2,0.0
2018-11-3,Chicago,50.0,42.7,32.0,42.0,35.6,32.0,100.0,77.2,50.0,10.0,6.4,0.0,29.6,29.4,29.3,0.0
2018-11-4,Chicago,54.0,49.5,46.0,52.0,45.6,39.0,100.0,87.5,58.0,25.0,11.8,6.0,29.6,29.4,29.2,0.0
2018-11-5,Chicago,52.0,49.4,46.0,52.0,44.9,41.0,100.0,84.7,67.0,12.0,7.4,0.0,29.4,29.2,28.9,0.0
2018-11-6,Chicago,53.0,48.1,40.0,53.0,42.0,29.0,100.0,80.2,61.0,32.0,15.3,6.0,29.4,29.1,28.9,0.0
2018-11-7,Chicago,41.0,38.0,35.0,29.0,27.2,25.0,70.0,64.5,53.0,22.0,13.4,6.0,29.7,29.5,29.4,0.0
2018-11-8,Chicago,41.0,36.9,34.0,32.0,26.7,24.0,93.0,67.1,53.0,10.0,5.4,0.0,29.8,29.7,29.6,0.0
2018-11-9,Chicago,38.0,32.2,22.0,36.0,25.5,9.0,100.0,77.7,47.0,29.0,10.8,0.0,29.6,29.5,29.4,0.0
2018-11-10,Chicago,34.0,27.1,21.0,21.0,15.6,10.0,74.0,63.1,41.0,23.0,11.2,0.0,29.8,29.7,29.6,0.0
2018-11-11,Chicago,45.0,34.0,28.0,29.0,22.2,18.0,86.0,63.4,39.0,14.0,6.2,0.0,29.7,29.6,29.6,0.0
2018-11-12,Chicago,39.0,33.7,28.0,30.0,27.4,20.0,93.0,77.9,65.0,14.0,6.9,0.0,29.7,29.7,29.6,0.0
2018-11-13,Chicago,30.0,26.4,23.0,18.0,13.5,7.0,68.0,59.7,37.0,16.0,10.4,3.0,29.9,29.8,29.7,0.0
2018-11-14,Chicago,36.0,27.6,19.0,27.0,18.7,12.0,80.0,69.6,56.0,10.0,5.8,0.0,29.9,29.8,29.6,0.0
2018-11-15,Chicago,34.0,32.0,30.0,32.0,26.3,21.0,100.0,80.9,64.0,12.0,6.4,0.0,29.7,29.5,29.3,0.0
2018-11-16,Chicago,41.0,35.0,29.0,34.0,29.5,26.0,90.0,80.3,70.0,20.0,10.1,3.0,29.6,29.3,29.2,0.0
2018-11-17,Chicago,39.0,36.5,34.0,37.0,33.5,31.0,100.0,89.0,81.0,12.0,3.7,0.0,29.7,29.6,29.5,0.0
2018-11-18,Chicago,39.0,33.3,25.0,37.0,32.1,24.0,100.0,95.5,75.0,9.0,3.0,0.0,29.7,29.6,29.5,0.0
2018-11-19,Chicago,37.0,30.2,23.0,32.0,26.8,22.0,100.0,88.0,60.0,17.0,4.5,0.0,29.5,29.5,29.4,0.0
2018-11-20,Chicago,37.0,33.6,32.0,30.0,25.8,21.0,87.0,73.6,52.0,20.0,11.0,6.0,29.6,29.5,29.5,0.0
2018-11-21,Chicago,37.0,33.9,30.0,28.0,25.9,24.0,86.0,72.5,60.0,17.0,6.9,3.0,29.8,29.6,29.5,0.0
2018-11-22,Chicago,39.0,33.6,30.0,31.0,25.4,20.0,87.0,72.5,63.0,17.0,8.9,3.0,29.8,29.7,29.5,0.0
2018-11-23,Chicago,52.0,41.9,35.0,44.0,36.0,31.0,93.0,80.6,54.0,16.0,11.3,7.0,29.5,29.3,29.0,0.0
2018-11-24,Chicago,50.0,44.8,39.0,46.0,42.3,37.0,100.0,90.7,71.0,21.0,8.7,3.0,29.2,29.0,28.9,0.0
2018-11-25,Chicago,45.0,40.3,36.0,40.0,37.6,35.0,100.0,91.3,81.0,32.0,12.4,0.0,29.3,29.1,28.9,0.0
2018-11-26,Chicago,39.0,32.1,27.0,39.0,29.1,19.0,100.0,88.9,70.0,36.0,22.6,6.0,29.4,29.1,28.9,0.0
2018-11-27,Chicago,27.0,24.5,21.0,20.0,18.0,16.0,86.0,76.4,69.0,18.0,10.6,5.0,29.4,29.4,29.3,0.0
2018-11-28,Chicago,28.0,25.2,21.0,26.0,19.8,16.0,90.0,79.2,64.0,10.0,6.0,3.0,29.5,29.4,29.4,0.0
2018-11-29,Chicago,39.0,32.6,28.0,32.0,27.7,24.0,93.0,82.5,65.0,13.0,5.0,0.0,29.4,29.3,29.2,0.0
2018-11-30,Chicago,41.0,36.6,34.0,36.0,34.6,32.0,100.0,91.9,81.0,9.0,2.8,0.0,29.4,29.4,29.3,0.0
2018-12-1,Chicago,52.0,40.6,34.0,52.0,40.3,34.0,100.0,98.8,93.0,21.0,9.6,0.0,29.4,29.0,28.7,0.0
2018-12-2,Chicago,50.0,44.4,37.0,49.0,42.2,34.0,100.0,92.4,71.0,14.0,8.0,0.0,29.1,28.8,28.7,0.0
2018-12-3,Chicago,37.0,35.3,32.0,36.0,32.0,27.0,100.0,87.7,81.0,20.0,13.7,7.0,29.6,29.3,29.1,0.0
2018-12-4,Chicago,32.0,31.8,31.0,27.0,24.7,19.0,83.0,74.7,60.0,18.0,9.1,0.0,29.6,29.5,29.5,0.0
2018-12-5,Chicago,32.0,30.1,27.0,29.0,24.3,18.0,90.0,79.3,60.0,15.0,7.7,0.0,29.5,29.5,29.5,0.0
2018-12-6,Chicago,34.0,30.1,22.0,29.0,22.2,13.0,89.0,73.6,48.0,15.0,7.8,3.0,29.8,29.6,29.4,0.0
2018-12-7,Chicago,30.0,22.3,19.0,16.0,13.1,10.0,84.0,68.7,51.0,20.0,8.0,0.0,29.9,29.9,29.8,0.0
2018-12-8,Chicago,30.0,23.7,16.0,19.0,15.9,11.0,93.0,73.1,64.0,9.0,3.3,0.0,30.0,29.9,29.8,0.0
2018-12-9,Chicago,32.0,22.4,14.0,26.0,19.0,12.0,93.0,87.3,69.0,10.0,2.2,0.0,29.8,29.7,29.7,0.0
2018-12-10,Chicago,34.0,26.9,23.0,26.0,24.1,21.0,100.0,90.1,65.0,14.0,5.2,0.0,29.7,29.6,29.5,0.0
2018-12-11,Chicago,41.0,30.3,26.0,29.0,25.7,23.0,91.0,83.9,56.0,12.0,6.7,0.0,29.5,29.4,29.4,0.0
2018-12-12,Chicago,43.0,36.1,31.0,32.0,28.3,23.0,90.0,74.8,49.0,24.0,10.6,0.0,29.4,29.3,29.1,0.0
2018-12-13,Chicago,45.0,34.9,24.0,41.0,31.9,23.0,100.0,90.2,61.0,14.0,2.2,0.0,29.5,29.4,29.4,0.0
2018-12-14,Chicago,43.0,39.8,38.0,43.0,39.8,38.0,100.0,99.8,98.0,14.0,4.9,0.0,29.6,29.5,29.4,0.0
2018-12-15,Chicago,45.0,39.5,36.0,39.0,36.6,32.0,100.0,89.9,66.0,14.0,8.1,5.0,29.5,29.5,29.5,0.0
2018-12-16,Chicago,50.0,37.6,27.0,37.0,33.1,27.0,100.0,85.4,43.0,12.0,5.8,0.0,29.5,29.5,29.4,0.0
2018-12-17,Chicago,39.0,32.7,25.0,32.0,27.5,25.0,100.0,81.8,60.0,14.0,5.8,0.0,29.6,29.5,29.4,0.0
2018-12-18,Chicago,43.0,31.8,23.0,30.0,26.8,23.0,100.0,83.7,57.0,14.0,4.1,0.0,29.6,29.5,29.4,0.0
2018-12-19,Chicago,52.0,41.3,34.0,45.0,31.1,25.0,100.0,67.5,50.0,14.0,7.4,3.0,29.4,29.3,29.1,0.0
2018-12-20,Chicago,50.0,44.8,40.0,45.0,40.0,36.0,100.0,83.9,68.0,18.0,7.1,0.0,29.1,29.0,28.9,0.0
2018-12-21,Chicago,41.0,36.2,33.0,41.0,33.2,27.0,100.0,89.5,75.0,28.0,15.9,8.0,29.2,29.0,28.9,0.0
2018-12-22,Chicago,36.0,33.2,30.0,34.0,27.9,25.0,93.0,80.5,70.0,12.0,5.5,0.0,29.4,29.3,29.2,0.0
2018-12-23,Chicago,39.0,35.0,32.0,34.0,26.2,19.0,95.0,72.2,49.0,23.0,11.7,5.0,29.5,29.4,29.4,0.0
2018-12-24,Chicago,34.0,29.4,27.0,24.0,19.2,16.0,86.0,66.1,48.0,15.0,7.1,0.0,29.6,29.6,29.5,0.0
2018-12-25,Chicago,48.0,32.4,0.0,32.0,27.0,0.0,100.0,76.2,0.0,14.0,3.5,0.0,29.7,29.6,29.6,0.0
2018-12-26,Chicago,48.0,35.8,25.0,34.0,28.4,25.0,100.0,78.3,46.0,15.0,4.3,0.0,29.8,29.7,29.6,0.0
2018-12-27,Chicago,55.0,46.4,41.0,53.0,40.3,30.0,100.0,80.4,61.0,29.0,14.8,7.0,29.6,29.3,29.0,0.0
2018-12-28,Chicago,55.0,41.8,31.0,53.0,37.6,27.0,93.0,85.9,71.0,28.0,16.0,9.0,29.5,29.2,29.0,0.0
2018-12-29,Chicago,32.0,30.2,27.0,32.0,28.1,22.0,100.0,91.8,80.0,13.0,7.0,0.0,29.7,29.6,29.5,0.0
2018-12-30,Chicago,37.0,29.6,21.0,29.0,23.1,18.0,93.0,77.6,60.0,16.0,8.7,0.0,29.6,29.5,29.4,0.0
2018-12-31,Chicago,41.0,37.6,35.0,41.0,35.2,29.0,100.0,91.5,76.0,28.0,9.3,0.0,29.4,29.2,28.8,0.0
2018-2-1,Chicago,37.0,24.5,0.0,26.0,9.6,-8.0,75.0,45.6,0.0,21.0,11.1,0.0,29.8,26.9,0.0,0.0
2018-2-2,Chicago,23.0,10.1,0.0,1.0,-1.9,-9.0,39.0,17.3,0.0,16.0,7.3,0.0,29.9,19.0,0.0,0.0
2018-2-3,Chicago,41.0,30.1,23.0,29.0,12.9,2.0,89.0,51.8,28.0,20.0,10.9,5.0,29.7,29.4,29.1,0.0
2018-2-4,Chicago,36.0,24.5,6.0,32.0,17.5,-5.0,95.0,75.3,53.0,32.0,13.7,3.0,29.6,29.3,29.1,0.0
2018-2-5,Chicago,13.0,7.7,0.0,9.0,-0.6,-8.0,85.0,69.3,41.0,12.0,4.7,0.0,29.7,29.6,29.6,0.0
2018-2-6,Chicago,21.0,15.0,7.0,18.0,8.7,2.0,87.0,76.5,63.0,9.0,3.9,0.0,29.8,29.7,29.6,0.0
2018-2-7,Chicago,23.0,19.6,15.0,19.0,13.3,5.0,93.0,77.2,62.0,18.0,7.5,0.0,29.8,29.7,29.6,0.0
2018-2-8,Chicago,22.0,16.2,10.0,19.0,9.0,3.0,88.0,73.3,54.0,17.0,5.3,0.0,29.8,29.8,29.6,0.0
2018-2-9,Chicago,30.0,27.0,23.0,28.0,24.0,20.0,100.0,87.5,74.0,17.0,7.6,0.0,29.6,29.5,29.5,0.0
2018-2-10,Chicago,27.0,25.7,24.0,23.0,20.3,18.0,87.0,81.4,74.0,14.0,7.0,0.0,29.6,29.5,29.4,0.0
2018-2-11,Chicago,27.0,21.8,13.0,23.0,16.2,4.0,93.0,80.4,63.0,14.0,8.9,0.0,29.8,29.4,29.3,0.0
2018-2-12,Chicago,25.0,13.5,5.0,18.0,6.9,0.0,92.0,75.5,64.0,14.0,6.4,0.0,30.1,30.0,29.8,0.0
2018-2-13,Chicago,34.0,21.4,0.0,27.0,12.9,0.0,90.0,70.2,0.0,14.0,4.7,0.0,30.1,29.9,29.6,0.0
2018-2-14,Chicago,46.0,37.3,29.0,44.0,33.9,26.0,100.0,88.3,61.0,12.0,6.2,0.0,29.6,29.4,29.2,0.0
2018-2-15,Chicago,46.0,41.7,0.0,46.0,40.2,0.0,100.0,92.2,0.0,18.0,7.1,0.0,29.2,29.2,29.0,0.0
2018-2-16,Chicago,36.0,31.9,20.0,34.0,23.8,10.0,94.0,73.1,54.0,24.0,10.6,0.0,29.7,29.5,29.2,0.0
2018-2-17,Chicago,37.0,25.7,13.0,32.0,20.5,10.0,93.0,81.1,65.0,17.0,5.0,0.0,29.6,29.5,29.3,0.0
2018-2-18,Chicago,43.0,31.7,18.0,32.0,25.9,16.0,100.0,80.3,61.0,17.0,8.3,0.0,29.7,29.5,29.2,0.0
2018-2-19,Chicago,62.0,49.8,40.0,61.0,47.0,31.0,100.0,91.0,62.0,17.0,8.6,0.0,29.3,29.2,29.2,0.0
2018-2-20,Chicago,66.0,56.0,37.0,61.0,54.6,37.0,100.0,95.6,83.0,18.0,10.5,5.0,29.5,29.3,29.2,0.0
2018-2-21,Chicago,37.0,32.7,30.0,37.0,29.1,23.0,100.0,87.3,69.0,18.0,13.3,8.0,30.0,29.8,29.5,0.0
2018-2-22,Chicago,43.0,37.0,32.0,38.0,32.0,27.0,91.0,82.2,70.0,21.0,12.3,5.0,29.9,29.8,29.7,0.0
2018-2-23,Chicago,46.0,40.4,39.0,45.0,37.5,33.0,100.0,89.3,80.0,22.0,9.3,0.0,29.6,29.6,29.5,0.0
2018-2-24,Chicago,49.0,41.2,35.0,48.0,37.5,32.0,97.0,86.7,76.0,18.0,11.4,5.0,29.6,29.3,28.8,0.0
2018-2-25,Chicago,51.0,41.0,35.0,51.0,29.2,18.0,98.0,65.4,32.0,39.0,18.4,3.0,29.5,29.2,28.8,0.0
2018-2-26,Chicago,54.0,40.2,27.0,32.0,27.1,23.0,100.0,63.4,30.0,17.0,6.3,0.0,29.6,29.6,29.5,0.0
2018-2-27,Chicago,63.0,50.7,43.0,34.0,29.2,25.0,54.0,44.5,32.0,18.0,8.7,3.0,29.6,29.5,29.3,0.0
2018-2-28,Chicago,59.0,47.5,37.0,48.0,38.2,32.0,100.0,73.7,41.0,21.0,9.5,5.0,29.3,29.2,29.2,0.0
2018-3-1,Chicago,39.0,37.1,34.0,39.0,35.2,28.0,100.0,93.2,70.0,25.0,10.2,0.0,29.6,29.3,29.1,0.0
2018-3-2,Chicago,41.0,35.0,29.0,32.0,27.3,14.0,94.0,75.9,33.0,16.0,7.3,0.0,29.8,29.8,29.6,0.0
2018-3-3,Chicago,39.0,35.5,31.0,32.0,27.0,21.0,97.0,72.7,49.0,15.0,6.4,0.0,29.9,29.9,29.8,0.0
2018-3-4,Chicago,50.0,38.0,31.0,21.0,16.4,7.0,66.0,44.4,20.0,17.0,9.9,0.0,29.8,29.8,29.6,0.0
2018-3-5,Chicago,43.0,36.4,34.0,33.0,20.4,12.0,94.0,55.0,29.0,21.0,13.7,8.0,29.6,29.4,29.2,0.0
2018-3-6,Chicago,43.0,36.8,34.0,36.0,33.0,25.0,100.0,87.4,53.0,21.0,9.6,3.0,29.2,29.1,29.0,0.0
2018-3-7,Chicago,34.0,31.5,28.0,32.0,20.6,10.0,94.0,65.5,44.0,23.0,14.9,9.0,29.4,29.3,29.1,0.0
2018-3-8,Chicago,34.0,29.5,26.0,19.0,14.6,10.0,64.0,54.2,44.0,21.0,11.7,6.0,29.4,29.4,29.4,0.0
2018-3-9,Chicago,36.0,29.6,25.0,23.0,17.8,12.0,82.0,62.4,41.0,14.0,5.8,0.0,29.4,29.4,29.4,0.0
2018-3-10,Chicago,39.0,30.0,21.0,25.0,19.9,12.0,93.0,68.6,36.0,15.0,4.8,0.0,29.5,29.4,29.4,0.0
2018-3-11,Chicago,37.0,32.9,27.0,27.0,23.4,21.0,94.0,68.9,52.0,17.0,8.5,0.0,29.6,29.5,29.5,0.0
2018-3-12,Chicago,43.0,34.6,26.0,34.0,25.4,19.0,98.0,70.6,49.0,14.0,6.5,0.0,29.5,29.5,29.4,0.0
2018-3-13,Chicago,36.0,32.3,30.0,30.0,22.0,13.0,88.0,66.8,49.0,23.0,12.1,0.0,29.6,29.5,29.5,0.0
2018-3-14,Chicago,48.0,32.3,25.0,25.0,14.4,10.0,74.0,50.8,25.0,24.0,10.3,0.0,29.6,29.4,29.1,0.0
2018-3-15,Chicago,43.0,37.4,32.0,30.0,27.0,23.0,87.0,67.0,50.0,20.0,11.5,5.0,29.4,29.2,29.1,0.0
2018-3-16,Chicago,36.0,32.8,32.0,28.0,22.2,19.0,81.0,65.8,60.0,18.0,12.3,6.0,29.6,29.5,29.4,0.0
2018-3-17,Chicago,41.0,34.6,27.0,30.0,27.0,22.0,96.0,75.3,57.0,15.0,7.6,0.0,29.4,29.3,29.3,0.0
2018-3-18,Chicago,55.0,34.3,24.0,31.0,23.9,16.0,97.0,74.0,24.0,8.0,2.2,0.0,29.5,29.4,29.3,0.0
2018-3-19,Chicago,45.0,37.6,31.0,32.0,28.0,21.0,95.0,69.5,39.0,23.0,9.7,0.0,29.3,29.3,29.2,0.0
2018-3-20,Chicago,37.0,32.2,0.0,27.0,20.8,0.0,75.0,60.9,0.0,31.0,19.3,14.0,29.3,29.3,29.2,0.0
2018-3-21,Chicago,37.0,33.4,31.0,25.0,20.8,18.0,71.0,60.7,45.0,24.0,13.6,6.0,29.6,29.4,29.3,0.0
2018-3-22,Chicago,43.0,32.6,0.0,27.0,21.6,0.0,84.0,63.5,0.0,12.0,7.2,0.0,29.7,29.7,29.6,0.0
2018-3-23,Chicago,39.0,34.6,28.0,29.0,22.7,18.0,89.0,62.9,42.0,16.0,8.3,0.0,29.7,29.7,29.6,0.0
2018-3-24,Chicago,43.0,37.5,35.0,30.0,19.6,15.0,70.0,48.8,36.0,21.0,13.5,7.0,29.6,29.6,29.5,0.0
2018-3-25,Chicago,41.0,33.9,27.0,27.0,12.9,5.0,61.0,42.4,31.0,20.0,13.3,7.0,29.7,29.7,29.6,0.0
2018-3-26,Chicago,55.0,39.0,28.0,45.0,23.9,15.0,88.0,56.1,30.0,15.0,9.4,3.0,29.7,29.6,29.4,0.0
2018-3-27,Chicago,54.0,49.6,43.0,54.0,47.8,39.0,100.0,93.9,76.0,15.0,8.1,0.0,29.4,29.4,29.3,0.0
2018-3-28,Chicago,48.0,43.3,39.0,44.0,38.2,36.0,93.0,82.5,71.0,10.0,3.4,0.0,29.4,29.4,29.3,0.0
2018-3-29,Chicago,45.0,42.0,37.0,44.0,39.7,32.0,100.0,91.6,81.0,14.0,5.7,0.0,29.4,29.3,29.2,0.0
2018-3-30,Chicago,46.0,38.8,36.0,32.0,28.9,23.0,82.0,69.0,43.0,18.0,10.1,0.0,29.6,29.5,29.4,0.0
2018-3-31,Chicago,61.0,43.1,37.0,39.0,33.3,23.0,85.0,69.8,42.0,32.0,12.3,3.0,29.6,29.4,29.2,0.0
2018-4-1,Chicago,37.0,33.0,28.0,21.0,16.8,9.0,61.0,52.0,35.0,18.0,9.2,0.0,29.6,29.6,29.5,0.0
2018-4-2,Chicago,45.0,33.3,23.0,29.0,18.3,10.0,80.0,56.4,27.0,12.0,6.1,0.0,29.5,29.4,29.2,0.0
2018-4-3,Chicago,43.0,40.9,37.0,43.0,37.6,29.0,100.0,88.3,59.0,175.0,13.2,5.0,29.2,29.1,28.9,0.0
2018-4-4,Chicago,37.0,33.3,28.0,34.0,22.9,14.0,89.0,67.4,41.0,35.0,19.1,7.0,29.6,29.3,29.0,0.0
2018-4-5,Chicago,41.0,32.6,25.0,35.0,17.9,5.0,100.0,58.1,26.0,10.0,7.2,5.0,29.6,29.5,29.3,0.0
2018-4-6,Chicago,39.0,35.7,29.0,37.0,25.2,3.0,98.0,70.0,28.0,23.0,12.0,3.0,29.5,29.3,29.2,0.0
2018-4-7,Chicago,36.0,27.8,23.0,19.0,9.7,1.0,86.0,48.4,29.0,16.0,8.3,0.0,29.5,29.5,29.4,0.0
2018-4-8,Chicago,37.0,27.6,19.0,28.0,18.3,14.0,93.0,71.6,38.0,14.0,4.3,0.0,29.5,29.4,29.4,0.0
2018-4-9,Chicago,37.0,33.0,28.0,32.0,30.8,28.0,100.0,91.9,75.0,10.0,2.7,0.0,29.6,29.5,29.4,0.0
2018-4-10,Chicago,46.0,34.9,25.0,31.0,24.3,16.0,100.0,72.3,31.0,12.0,5.1,0.0,29.7,29.6,29.5,0.0
2018-4-11,Chicago,68.0,48.4,39.0,41.0,31.6,27.0,66.0,54.0,26.0,20.0,8.6,0.0,29.5,29.4,29.2,0.0
2018-4-12,Chicago,77.0,57.2,41.0,43.0,39.1,37.0,88.0,54.6,24.0,23.0,11.7,3.0,29.2,29.1,29.0,0.0
2018-4-13,Chicago,52.0,42.5,41.0,43.0,39.1,38.0,93.0,88.4,67.0,17.0,8.1,0.0,29.2,29.1,29.1,0.0
2018-4-14,Chicago,43.0,40.2,0.0,43.0,39.1,0.0,100.0,93.3,0.0,20.0,13.5,7.0,29.2,29.1,29.1,0.0
2018-4-15,Chicago,40.0,37.4,33.0,39.0,35.9,32.0,100.0,93.5,87.0,24.0,10.6,3.0,29.2,29.1,29.0,0.0
2018-4-16,Chicago,36.0,32.9,30.0,30.0,25.7,23.0,90.0,75.5,60.0,25.0,15.9,9.0,29.3,29.2,29.1,0.0
2018-4-17,Chicago,39.0,34.4,30.0,24.0,22.1,18.0,75.0,61.3,45.0,21.0,12.4,3.0,29.3,29.3,29.3,0.0
2018-4-18,Chicago,39.0,34.8,32.0,36.0,28.1,23.0,100.0,77.5,52.0,17.0,9.2,3.0,29.3,29.3,29.1,0.0
2018-4-19,Chicago,45.0,37.0,0.0,36.0,30.8,0.0,100.0,78.0,0.0,23.0,12.0,0.0,29.8,29.6,29.3,0.0
2018-4-20,Chicago,55.0,39.1,28.0,31.0,24.5,7.0,100.0,66.1,14.0,10.0,2.6,0.0,29.9,29.8,29.8,0.0
2018-4-21,Chicago,50.0,40.5,33.0,34.0,27.5,18.0,89.0,62.0,32.0,8.0,2.1,0.0,29.8,29.8,29.7,0.0
2018-4-22,Chicago,57.0,46.5,42.0,37.0,31.3,23.0,81.0,58.1,30.0,14.0,6.1,0.0,29.8,29.7,29.6,0.0
2018-4-23,Chicago,50.0,44.5,37.0,39.0,33.8,29.0,93.0,66.7,50.0,16.0,4.6,0.0,29.6,29.5,29.5,0.0
2018-4-24,Chicago,57.0,47.2,43.0,46.0,42.0,38.0,95.0,83.1,67.0,12.0,3.7,0.0,29.5,29.4,29.4,0.0
2018-4-25,Chicago,46.0,42.2,33.0,43.0,35.0,32.0,100.0,76.3,57.0,23.0,11.6,0.0,29.5,29.4,29.4,0.0
2018-4-26,Chicago,63.0,45.3,32.0,36.0,27.2,17.0,100.0,60.9,18.0,12.0,3.8,0.0,29.4,29.3,29.2,0.0
2018-4-27,Chicago,53.0,47.8,40.0,37.0,28.8,16.0,88.0,52.6,24.0,32.0,11.8,3.0,29.3,29.2,29.1,0.0
2018-4-28,Chicago,46.0,41.1,38.0,36.0,29.9,23.0,87.0,65.7,43.0,22.0,12.7,3.0,29.6,29.4,29.3,0.0
2018-4-29,Chicago,52.0,41.3,36.0,32.0,22.1,9.0,81.0,50.6,20.0,10.0,6.3,0.0,29.8,29.7,29.6,0.0
2018-4-30,Chicago,79.0,57.2,37.0,22.0,15.5,3.0,44.0,24.1,5.0,14.0,7.7,3.0,29.6,29.5,29.4,0.0
2018-5-1,Chicago,86.0,71.5,59.0,44.0,32.6,22.0,34.0,24.4,15.0,921.0,36.8,6.0,29.4,29.4,29.3,0.0
2018-5-2,Chicago,88.0,74.1,63.0,68.0,50.9,43.0,89.0,48.6,22.0,23.0,10.8,0.0,29.3,29.3,29.2,0.0
2018-5-3,Chicago,70.0,63.1,48.0,66.0,60.3,46.0,100.0,90.8,77.0,14.0,5.9,0.0,29.4,29.3,29.2,0.0
2018-5-4,Chicago,75.0,67.6,62.0,63.0,53.7,43.0,83.0,63.5,31.0,25.0,10.7,0.0,29.4,29.2,29.1,0.0
2018-5-5,Chicago,82.0,65.6,52.0,48.0,41.5,28.0,82.0,47.6,14.0,14.0,4.7,0.0,29.4,29.4,29.3,0.0
2018-5-6,Chicago,68.0,52.5,47.0,47.0,42.2,37.0,93.0,69.8,35.0,14.0,4.5,0.0,29.5,29.4,29.3,0.0
2018-5-7,Chicago,70.0,55.1,44.0,46.0,40.4,34.0,87.0,62.2,27.0,10.0,3.7,0.0,29.6,29.5,29.5,0.0
2018-5-8,Chicago,81.0,65.5,54.0,46.0,38.9,32.0,65.0,41.5,17.0,12.0,4.9,0.0,29.5,29.5,29.4,0.0
2018-5-9,Chicago,82.0,66.0,0.0,61.0,47.1,0.0,73.0,49.0,0.0,21.0,9.3,0.0,29.3,29.2,29.0,0.0
2018-5-10,Chicago,68.0,62.3,55.0,55.0,52.6,48.0,82.0,71.0,60.0,14.0,8.8,3.0,29.4,29.3,29.1,0.0
2018-5-11,Chicago,61.0,52.4,47.0,50.0,46.4,43.0,100.0,81.1,59.0,20.0,9.3,5.0,29.4,29.4,29.3,0.0
2018-5-12,Chicago,52.0,48.3,46.0,51.0,46.2,44.0,100.0,91.7,85.0,17.0,10.5,5.0,29.5,29.4,29.3,0.0
2018-5-13,Chicago,61.0,52.9,48.0,54.0,50.9,48.0,100.0,93.8,72.0,14.0,6.5,0.0,29.4,29.4,29.3,0.0
2018-5-14,Chicago,88.0,63.0,51.0,64.0,57.2,49.0,100.0,85.2,33.0,29.0,7.4,0.0,29.4,29.3,29.2,0.0
2018-5-15,Chicago,66.0,58.0,48.0,64.0,55.4,42.0,100.0,91.1,76.0,18.0,5.1,0.0,29.4,29.3,29.2,0.0
2018-5-16,Chicago,70.0,54.9,47.0,55.0,48.6,43.0,99.0,80.3,53.0,8.0,2.5,0.0,29.4,29.4,29.3,0.0
2018-5-17,Chicago,66.0,53.2,48.0,57.0,49.2,43.0,100.0,87.2,56.0,14.0,4.6,0.0,29.4,29.4,29.4,0.0
2018-5-18,Chicago,61.0,54.7,49.0,59.0,49.9,46.0,94.0,84.7,67.0,10.0,4.2,0.0,29.4,29.4,29.3,0.0
2018-5-19,Chicago,70.0,59.2,55.0,63.0,57.2,54.0,100.0,93.2,73.0,10.0,1.6,0.0,29.4,29.3,29.2,0.0
2018-5-20,Chicago,59.0,48.8,45.0,57.0,47.6,45.0,100.0,95.4,87.0,15.0,8.7,3.0,29.6,29.5,29.4,0.0
2018-5-21,Chicago,72.0,56.4,47.0,66.0,54.6,46.0,100.0,94.2,78.0,12.0,4.1,0.0,29.6,29.4,29.4,0.0
2018-5-22,Chicago,57.0,53.5,49.0,57.0,52.8,49.0,100.0,97.3,82.0,7.0,2.6,0.0,29.5,29.4,29.3,0.0
2018-5-23,Chicago,72.0,57.6,48.0,59.0,53.2,48.0,100.0,87.2,60.0,8.0,1.7,0.0,29.6,29.5,29.5,0.0
2018-5-24,Chicago,86.0,67.6,54.0,61.0,53.5,46.0,100.0,68.0,27.0,12.0,3.4,0.0,29.6,29.5,29.4,0.0
2018-5-25,Chicago,91.0,74.0,61.0,69.0,55.4,48.0,87.0,55.4,23.0,13.0,5.0,0.0,29.4,29.3,29.1,0.0
2018-5-26,Chicago,86.0,75.7,70.0,68.0,63.2,54.0,88.0,69.1,33.0,12.0,3.9,0.0,29.2,29.2,29.1,0.0
2018-5-27,Chicago,93.0,77.9,66.0,66.0,62.8,59.0,94.0,63.1,34.0,10.0,3.2,0.0,29.3,29.2,29.2,0.0
2018-5-28,Chicago,95.0,74.5,67.0,68.0,62.5,55.0,94.0,69.2,26.0,15.0,3.5,0.0,29.4,29.3,29.2,0.0
2018-5-29,Chicago,79.0,70.3,63.0,68.0,61.4,57.0,94.0,73.6,57.0,9.0,3.4,0.0,29.3,29.3,29.2,0.0
2018-5-30,Chicago,86.0,76.0,71.0,73.0,68.8,64.0,100.0,79.7,48.0,23.0,5.0,0.0,29.2,29.1,28.9,0.0
2018-5-31,Chicago,90.0,77.0,70.0,69.0,66.2,59.0,90.0,72.8,36.0,18.0,6.5,0.0,29.1,29.1,29.0,0.0
2018-6-1,Chicago,75.0,62.1,51.0,70.0,58.0,46.0,100.0,86.9,72.0,17.0,7.0,0.0,29.4,29.3,29.1,0.0
2018-6-2,Chicago,68.0,57.0,50.0,59.0,52.9,46.0,100.0,86.7,73.0,16.0,7.4,0.0,29.4,29.3,29.2,0.0
2018-6-3,Chicago,81.0,65.8,56.0,63.0,52.1,41.0,100.0,67.3,24.0,28.0,11.5,0.0,29.4,29.3,29.2,0.0
2018-6-4,Chicago,79.0,68.6,61.0,48.0,45.4,39.0,60.0,44.8,28.0,17.0,10.8,3.0,29.4,29.3,29.2,0.0
2018-6-5,Chicago,73.0,63.5,54.0,54.0,45.7,41.0,77.0,53.5,37.0,142.0,14.6,5.0,29.3,29.3,29.2,0.0
2018-6-6,Chicago,79.0,64.0,48.0,61.0,49.9,41.0,94.0,62.5,36.0,14.0,5.6,0.0,29.4,29.3,29.3,0.0
2018-6-7,Chicago,73.0,65.3,58.0,63.0,57.3,55.0,94.0,77.0,52.0,16.0,4.6,0.0,29.5,29.4,29.3,0.0
2018-6-8,Chicago,64.0,59.3,56.0,59.0,55.4,53.0,94.0,87.0,77.0,10.0,5.0,0.0,29.6,29.5,29.5,0.0
2018-6-9,Chicago,75.0,60.3,57.0,66.0,58.1,55.0,100.0,92.8,73.0,8.0,2.9,0.0,29.5,29.4,29.3,0.0
2018-6-10,Chicago,70.0,62.9,58.0,70.0,62.8,58.0,100.0,99.7,94.0,10.0,2.8,0.0,29.3,29.3,29.2,0.0
2018-6-11,Chicago,72.0,67.3,64.0,69.0,65.9,63.0,100.0,95.3,83.0,12.0,6.2,0.0,29.3,29.2,28.2,0.0
2018-6-12,Chicago,81.0,72.0,67.0,72.0,68.6,66.0,100.0,89.4,70.0,10.0,4.7,0.0,29.3,29.3,29.2,0.0
2018-6-13,Chicago,77.0,69.6,56.0,73.0,62.2,45.0,100.0,81.4,34.0,15.0,5.2,0.0,29.4,29.3,29.2,0.0
2018-6-14,Chicago,81.0,65.7,55.0,60.0,54.6,46.0,100.0,73.3,30.0,9.0,2.2,0.0,29.5,29.4,29.4,0.0
2018-6-15,Chicago,90.0,73.7,58.0,66.0,58.8,54.0,96.0,62.6,38.0,10.0,4.3,0.0,29.4,29.4,29.3,0.0
2018-6-16,Chicago,93.0,79.4,69.0,73.0,69.2,63.0,100.0,72.6,40.0,29.0,6.1,0.0,29.4,29.4,29.3,0.0
2018-6-17,Chicago,95.0,84.9,79.0,73.0,70.3,66.0,80.0,62.6,41.0,17.0,6.3,0.0,29.4,29.4,29.3,0.0
2018-6-18,Chicago,95.0,81.7,66.0,73.0,70.3,65.0,96.0,71.0,39.0,23.0,8.9,0.0,29.4,29.3,29.3,0.0
2018-6-19,Chicago,77.0,68.0,64.0,70.0,66.1,64.0,100.0,94.0,78.0,14.0,4.7,0.0,29.4,29.3,29.3,0.0
2018-6-20,Chicago,73.0,67.9,66.0,67.0,65.3,64.0,100.0,92.0,78.0,12.0,5.2,0.0,29.3,29.2,29.2,0.0
2018-6-21,Chicago,70.0,67.4,65.0,68.0,66.2,63.0,100.0,96.0,83.0,18.0,8.7,0.0,29.2,29.2,29.1,0.0
2018-6-22,Chicago,67.0,64.2,63.0,66.0,63.4,61.0,100.0,97.1,87.0,17.0,10.8,6.0,29.1,29.1,29.1,0.0
2018-6-23,Chicago,75.0,68.1,63.0,65.0,60.9,52.0,100.0,80.1,44.0,13.0,4.6,0.0,29.2,29.1,29.1,0.0
2018-6-24,Chicago,75.0,68.2,63.0,68.0,64.0,55.0,100.0,87.6,57.0,13.0,4.8,0.0,29.4,29.3,29.2,0.0
2018-6-25,Chicago,81.0,69.9,64.0,66.0,63.0,57.0,100.0,81.0,47.0,14.0,7.8,0.0,29.5,29.5,29.4,0.0
2018-6-26,Chicago,81.0,72.7,66.0,72.0,65.1,55.0,100.0,77.2,64.0,17.0,9.2,3.0,29.4,29.3,29.1,0.0
2018-6-27,Chicago,75.0,70.5,64.0,71.0,66.8,63.0,99.0,88.5,73.0,17.0,5.8,0.0,29.3,29.2,29.1,0.0
2018-6-28,Chicago,84.0,71.5,62.0,71.0,66.2,62.0,100.0,85.5,55.0,12.0,2.2,0.0,29.3,29.3,29.3,0.0
2018-6-29,Chicago,93.0,80.8,69.0,79.0,72.9,68.0,99.0,78.9,49.0,16.0,6.3,0.0,29.4,29.3,29.3,0.0
2018-6-30,Chicago,93.0,84.6,81.0,78.0,74.5,72.0,84.0,72.8,52.0,14.0,7.0,5.0,29.4,29.3,29.3,0.0
2018-7-1,Chicago,93.0,82.2,77.0,75.0,71.9,68.0,86.0,71.7,49.0,23.0,8.4,0.0,29.3,29.3,29.2,0.0
2018-7-2,Chicago,77.0,71.5,60.0,71.0,65.0,57.0,96.0,80.5,53.0,10.0,3.9,0.0,29.5,29.1,19.6,0.0
2018-7-3,Chicago,86.0,71.5,58.0,76.0,66.1,57.0,100.0,84.1,58.0,9.0,2.6,0.0,29.5,29.5,29.5,0.0
2018-7-4,Chicago,90.0,79.9,72.0,79.0,74.0,70.0,100.0,83.3,58.0,12.0,4.0,0.0,29.6,29.6,29.5,0.0
2018-7-5,Chicago,90.0,77.7,72.0,77.0,73.7,66.0,100.0,89.0,52.0,29.0,5.0,0.0,29.6,29.6,29.6,0.0
2018-7-6,Chicago,77.0,71.5,66.0,74.0,62.2,54.0,98.0,73.6,50.0,16.0,11.4,5.0,29.8,29.7,29.6,0.0
2018-7-7,Chicago,77.0,67.6,55.0,63.0,57.0,46.0,99.0,71.6,38.0,9.0,5.2,0.0,29.8,29.7,29.6,0.0
2018-7-8,Chicago,84.0,68.1,57.0,63.0,57.6,48.0,99.0,74.8,30.0,9.0,1.8,0.0,29.7,29.6,29.6,0.0
2018-7-9,Chicago,90.0,72.9,60.0,71.0,63.1,57.0,99.0,76.7,33.0,15.0,3.5,0.0,29.6,29.6,29.5,0.0
2018-7-10,Chicago,82.0,76.1,72.0,73.0,67.9,57.0,97.0,77.0,47.0,18.0,6.1,0.0,29.5,29.5,29.4,0.0
2018-7-11,Chicago,84.0,74.7,68.0,68.0,62.2,54.0,89.0,66.8,39.0,14.0,6.1,0.0,29.5,29.5,29.4,0.0
2018-7-12,Chicago,84.0,73.6,63.0,66.0,62.5,55.0,100.0,72.0,37.0,8.0,3.0,0.0,29.6,29.5,29.5,0.0
2018-7-13,Chicago,90.0,77.3,66.0,68.0,62.8,59.0,94.0,63.5,36.0,10.0,4.2,0.0,29.5,29.5,29.4,0.0
2018-7-14,Chicago,81.0,75.6,73.0,74.0,71.0,68.0,100.0,85.8,74.0,8.0,1.6,0.0,29.5,29.4,29.4,0.0
2018-7-15,Chicago,90.0,77.4,70.0,74.0,71.7,66.0,100.0,85.0,46.0,8.0,1.9,0.0,29.4,29.4,29.3,0.0
2018-7-16,Chicago,86.0,77.0,69.0,75.0,73.0,69.0,100.0,88.6,66.0,12.0,2.1,0.0,29.4,29.3,29.3,0.0
2018-7-17,Chicago,79.0,71.0,64.0,68.0,62.2,54.0,100.0,76.2,47.0,18.0,7.3,0.0,29.5,29.4,29.4,0.0
2018-7-18,Chicago,75.0,69.6,59.0,60.0,55.8,52.0,94.0,62.6,44.0,14.0,7.1,0.0,29.5,29.5,29.4,0.0
2018-7-19,Chicago,86.0,70.8,57.0,61.0,58.1,50.0,100.0,69.2,29.0,16.0,5.1,0.0,29.4,29.3,29.2,0.0
2018-7-20,Chicago,81.0,74.3,70.0,72.0,65.8,61.0,100.0,76.1,54.0,17.0,10.0,5.0,29.2,29.1,29.0,0.0
2018-7-21,Chicago,73.0,70.8,70.0,70.0,69.3,68.0,100.0,95.6,83.0,23.0,12.9,6.0,29.2,29.1,29.0,0.0
2018-7-22,Chicago,77.0,72.1,70.0,73.0,70.1,67.0,100.0,93.2,83.0,17.0,9.8,3.0,29.3,29.2,29.2,0.0
2018-7-23,Chicago,75.0,71.0,67.0,70.0,67.7,66.0,100.0,89.7,78.0,14.0,6.7,0.0,29.3,29.3,29.3,0.0
2018-7-24,Chicago,81.0,71.9,65.0,69.0,66.0,61.0,100.0,83.8,51.0,10.0,2.5,0.0,29.4,29.4,29.3,0.0
2018-7-25,Chicago,84.0,75.3,66.0,67.0,61.6,54.0,95.0,64.5,35.0,14.0,6.1,0.0,29.4,29.4,29.3,0.0
2018-7-26,Chicago,82.0,74.6,69.0,66.0,61.0,52.0,78.0,64.0,35.0,14.0,6.0,0.0,29.4,29.3,29.3,0.0
2018-7-27,Chicago,73.0,66.7,60.0,61.0,57.4,55.0,96.0,73.3,53.0,14.0,5.3,0.0,29.4,29.4,29.4,0.0
2018-7-28,Chicago,77.0,71.0,63.0,61.0,56.4,52.0,84.0,61.9,41.0,9.0,3.6,0.0,29.5,29.5,29.5,0.0
2018-7-29,Chicago,77.0,65.3,58.0,68.0,59.8,55.0,99.0,84.1,47.0,6.0,1.0,0.0,29.5,29.5,29.4,0.0
2018-7-30,Chicago,77.0,65.5,55.0,64.0,61.1,55.0,100.0,87.2,57.0,14.0,2.6,0.0,29.5,29.4,29.4,0.0
2018-7-31,Chicago,75.0,66.4,63.0,68.0,63.6,61.0,100.0,91.5,65.0,14.0,1.8,0.0,29.4,29.4,29.3,0.0
2018-8-1,Chicago,86.0,70.4,60.0,66.0,61.5,52.0,100.0,77.5,31.0,12.0,3.2,0.0,29.4,29.3,29.3,0.0
2018-8-2,Chicago,88.0,74.5,68.0,66.0,63.4,57.0,90.0,70.0,35.0,14.0,4.9,0.0,29.4,29.4,29.3,0.0
2018-8-3,Chicago,82.0,70.2,60.0,68.0,64.2,60.0,100.0,83.6,51.0,12.0,2.7,0.0,29.4,29.4,29.4,0.0
2018-8-4,Chicago,93.0,79.7,68.0,72.0,66.1,61.0,94.0,66.3,34.0,14.0,5.2,0.0,29.4,29.4,29.4,0.0
2018-8-5,Chicago,93.0,82.2,76.0,71.0,67.5,57.0,77.0,62.7,31.0,21.0,8.1,3.0,29.5,29.4,29.4,0.0
2018-8-6,Chicago,86.0,76.5,70.0,75.0,71.2,66.0,100.0,84.3,64.0,14.0,3.3,0.0,29.4,29.4,29.3,0.0
2018-8-7,Chicago,82.0,72.8,68.0,73.0,70.6,68.0,100.0,93.5,62.0,12.0,2.4,0.0,29.4,29.3,29.3,0.0
2018-8-8,Chicago,79.0,70.3,65.0,73.0,67.6,64.0,100.0,92.1,65.0,14.0,2.0,0.0,29.3,29.3,29.3,0.0
2018-8-9,Chicago,90.0,72.0,0.0,72.0,64.6,0.0,100.0,78.3,0.0,17.0,5.4,0.0,29.3,29.3,29.3,0.0
2018-8-10,Chicago,81.0,74.2,68.0,75.0,71.0,68.0,100.0,90.3,78.0,14.0,4.9,0.0,29.3,29.3,29.3,0.0
2018-8-11,Chicago,86.0,75.0,66.0,72.0,65.6,52.0,97.0,75.6,33.0,9.0,3.9,0.0,29.4,29.4,29.3,0.0
2018-8-12,Chicago,82.0,64.6,0.0,72.0,60.9,0.0,100.0,80.8,0.0,10.0,3.0,0.0,29.5,29.5,29.4,0.0
2018-8-13,Chicago,86.0,71.6,64.0,75.0,65.5,57.0,100.0,84.5,37.0,10.0,1.8,0.0,29.5,29.4,29.4,0.0
2018-8-14,Chicago,88.0,73.2,63.0,67.0,62.6,54.0,100.0,74.0,33.0,8.0,1.5,0.0,29.4,29.4,29.3,0.0
2018-8-15,Chicago,82.0,75.0,70.0,70.0,68.0,65.0,91.0,79.7,62.0,17.0,4.3,0.0,29.4,29.3,29.3,0.0
2018-8-16,Chicago,82.0,74.8,72.0,73.0,70.8,68.0,100.0,87.9,62.0,9.0,2.4,0.0,29.3,29.3,29.3,0.0
2018-8-17,Chicago,81.0,74.2,70.0,73.0,70.8,68.0,100.0,89.6,65.0,13.0,4.4,0.0,29.4,29.3,29.3,0.0
2018-8-18,Chicago,79.0,75.2,70.0,73.0,70.7,68.0,100.0,85.7,69.0,14.0,6.8,0.0,29.4,29.4,29.4,0.0
2018-8-19,Chicago,82.0,74.4,64.0,73.0,69.3,64.0,100.0,84.4,66.0,14.0,4.9,0.0,29.4,29.4,29.3,0.0
2018-8-20,Chicago,81.0,72.9,68.0,75.0,68.2,64.0,100.0,85.7,69.0,21.0,8.1,3.0,29.4,29.3,29.1,0.0
2018-8-21,Chicago,77.0,71.6,68.0,73.0,68.0,63.0,100.0,89.2,65.0,26.0,9.2,0.0,29.4,29.2,29.1,0.0
2018-8-22,Chicago,77.0,67.9,57.0,63.0,56.4,46.0,96.0,69.5,34.0,18.0,9.1,0.0,29.5,29.4,29.4,0.0
2018-8-23,Chicago,81.0,64.3,52.0,58.0,53.9,48.0,100.0,75.2,34.0,12.0,2.9,0.0,29.5,29.5,29.4,0.0
2018-8-24,Chicago,73.0,65.1,59.0,64.0,59.3,55.0,95.0,81.8,60.0,14.0,7.0,0.0,29.4,29.4,29.3,0.0
2018-8-25,Chicago,84.0,75.5,68.0,77.0,71.3,63.0,100.0,87.2,74.0,12.0,6.4,0.0,29.4,29.3,29.3,0.0
2018-8-26,Chicago,90.0,84.6,82.0,76.0,73.6,68.0,80.0,70.3,49.0,15.0,8.4,5.0,29.4,29.3,29.3,0.0
2018-8-27,Chicago,169.0,86.0,77.0,76.0,71.9,68.0,89.0,67.3,6.0,21.0,9.7,5.0,29.4,29.3,29.2,0.0
2018-8-28,Chicago,91.0,80.9,70.0,75.0,72.0,69.0,98.0,75.3,49.0,23.0,8.4,0.0,29.4,29.3,29.2,0.0
2018-8-29,Chicago,77.0,70.5,67.0,71.0,67.4,60.0,100.0,90.6,74.0,21.0,7.7,0.0,29.5,29.4,29.3,0.0
2018-8-30,Chicago,70.0,65.2,58.0,61.0,57.1,54.0,97.0,76.2,60.0,14.0,6.3,0.0,29.6,29.6,29.5,0.0
2018-8-31,Chicago,86.0,68.5,55.0,72.0,63.2,54.0,100.0,84.9,55.0,12.0,4.0,0.0,29.5,29.4,29.4,0.0
2018-9-1,Chicago,86.0,77.0,72.0,75.0,71.9,70.0,94.0,84.8,62.0,12.0,6.1,0.0,29.4,29.4,29.3,0.0
2018-9-2,Chicago,90.0,81.7,73.0,73.0,70.3,66.0,88.0,69.4,46.0,17.0,6.9,0.0,29.5,29.4,29.4,0.0
2018-9-3,Chicago,90.0,76.9,72.0,75.0,71.6,69.0,100.0,85.0,52.0,17.0,5.6,0.0,29.6,29.5,29.5,0.0
2018-9-4,Chicago,93.0,79.7,72.0,73.0,69.9,64.0,100.0,75.7,38.0,12.0,5.8,0.0,29.6,29.5,29.4,0.0
2018-9-5,Chicago,91.0,79.8,73.0,73.0,69.6,64.0,98.0,73.6,41.0,23.0,8.2,3.0,29.6,29.5,29.4,0.0
2018-9-6,Chicago,73.0,71.6,70.0,71.0,67.3,59.0,100.0,87.4,64.0,20.0,10.5,6.0,29.7,29.6,29.6,0.0
2018-9-7,Chicago,71.0,68.6,65.0,68.0,62.6,53.0,100.0,82.0,64.0,16.0,9.9,6.0,29.6,29.6,29.6,0.0
2018-9-8,Chicago,68.0,64.6,63.0,57.0,54.7,52.0,76.0,70.5,64.0,25.0,15.4,10.0,29.6,29.5,29.5,0.0
2018-9-9,Chicago,68.0,62.2,57.0,55.0,51.4,47.0,79.0,67.7,52.0,24.0,14.7,12.0,29.5,29.4,29.4,0.0
2018-9-10,Chicago,72.0,62.5,55.0,61.0,56.5,54.0,100.0,81.1,64.0,14.0,7.9,0.0,29.5,29.4,29.4,0.0
2018-9-11,Chicago,77.0,61.6,51.0,63.0,56.7,51.0,100.0,85.9,54.0,9.0,2.7,0.0,29.6,29.5,29.5,0.0
2018-9-12,Chicago,79.0,66.1,55.0,59.0,57.8,55.0,100.0,76.1,50.0,9.0,4.2,0.0,29.6,29.6,29.5,0.0
2018-9-13,Chicago,75.0,63.3,54.0,63.0,58.2,52.0,100.0,84.9,57.0,12.0,2.5,0.0,29.6,29.5,29.5,0.0
2018-9-14,Chicago,82.0,67.0,57.0,64.0,60.2,57.0,100.0,81.3,51.0,10.0,2.5,0.0,29.5,29.5,29.5,0.0
2018-9-15,Chicago,79.0,67.7,59.0,70.0,63.8,57.0,100.0,88.6,61.0,9.0,3.3,0.0,29.6,29.5,29.5,0.0
2018-9-16,Chicago,86.0,72.6,64.0,72.0,67.2,63.0,100.0,84.4,51.0,10.0,3.9,0.0,29.5,29.4,29.4,0.0
2018-9-17,Chicago,90.0,73.6,64.0,70.0,66.0,61.0,100.0,80.3,38.0,9.0,2.6,0.0,29.4,29.3,29.3,0.0
2018-9-18,Chicago,79.0,69.5,64.0,72.0,65.8,63.0,100.0,89.4,65.0,16.0,4.4,0.0,29.4,29.3,29.3,0.0
2018-9-19,Chicago,77.0,69.9,66.0,69.0,66.6,63.0,100.0,89.8,61.0,16.0,7.5,0.0,29.4,29.4,29.3,0.0
2018-9-20,Chicago,93.0,78.4,65.0,73.0,67.9,64.0,100.0,74.5,41.0,12.0,5.5,0.0,29.4,29.3,29.2,0.0
2018-9-21,Chicago,83.0,74.8,62.0,72.0,58.9,45.0,89.0,58.4,44.0,26.0,14.2,7.0,29.6,29.3,29.2,0.0
2018-9-22,Chicago,64.0,59.3,48.0,50.0,47.2,43.0,93.0,65.3,52.0,20.0,10.9,0.0,29.7,29.6,29.6,0.0
2018-9-23,Chicago,70.0,56.4,45.0,63.0,50.4,43.0,100.0,82.1,56.0,14.0,4.9,0.0,29.6,29.5,29.5,0.0
2018-9-24,Chicago,73.0,65.4,57.0,69.0,60.0,53.0,94.0,83.0,73.0,12.0,6.8,0.0,29.5,29.4,29.3,0.0
2018-9-25,Chicago,84.0,71.8,67.0,72.0,67.2,61.0,100.0,87.3,45.0,28.0,6.6,0.0,29.3,29.3,29.2,0.0
2018-9-26,Chicago,68.0,59.7,48.0,62.0,49.1,39.0,97.0,71.2,35.0,17.0,9.3,0.0,29.5,29.4,29.3,0.0
2018-9-27,Chicago,70.0,54.6,43.0,50.0,44.7,37.0,100.0,74.2,33.0,12.0,3.0,0.0,29.5,29.4,29.3,0.0
2018-9-28,Chicago,66.0,55.9,47.0,50.0,46.0,41.0,90.0,70.4,49.0,17.0,6.8,3.0,29.6,29.5,29.4,0.0
2018-9-29,Chicago,59.0,51.5,43.0,45.0,41.6,36.0,93.0,71.2,42.0,9.0,6.4,3.0,29.7,29.7,29.6,0.0
2018-9-30,Chicago,73.0,59.7,53.0,61.0,51.1,40.0,94.0,74.2,60.0,12.0,6.1,0.0,29.6,29.6,29.5,0.0
2019-1-1,Chicago,37.0,33.8,30.0,37.0,31.9,28.0,100.0,93.4,87.0,17.0,9.8,3.0,29.7,29.6,29.3,0.0
2019-1-2,Chicago,32.0,31.3,30.0,32.0,27.9,23.0,100.0,88.0,69.0,20.0,6.8,0.0,29.7,29.5,29.4,0.0
2019-1-3,Chicago,41.0,32.6,27.0,32.0,27.2,24.0,93.0,81.0,57.0,17.0,8.3,0.0,29.4,29.4,29.3,0.0
2019-1-4,Chicago,52.0,36.2,0.0,34.0,29.2,0.0,92.0,74.9,0.0,12.0,6.8,0.0,29.3,29.2,29.1,0.0
2019-1-5,Chicago,54.0,40.8,32.0,39.0,34.3,30.0,100.0,79.8,51.0,14.0,7.0,0.0,29.4,29.2,29.1,0.0
2019-1-6,Chicago,44.0,40.6,39.0,37.0,33.7,30.0,91.0,76.4,65.0,17.0,11.0,5.0,29.6,29.5,29.4,0.0
2019-1-7,Chicago,57.0,44.8,0.0,54.0,39.5,0.0,100.0,79.2,0.0,26.0,15.5,5.0,29.4,29.2,28.9,0.0
2019-1-8,Chicago,48.0,40.6,28.0,41.0,31.5,15.0,100.0,72.9,37.0,32.0,13.8,0.0,29.4,29.2,29.1,0.0
2019-1-9,Chicago,28.0,23.6,21.0,15.0,10.8,8.0,63.0,58.0,54.0,24.0,16.6,9.0,29.7,29.6,29.4,0.0
2019-1-10,Chicago,28.0,23.0,19.0,21.0,13.3,8.0,80.0,67.0,60.0,16.0,8.5,0.0,29.8,29.8,29.7,0.0
2019-1-11,Chicago,32.0,29.7,28.0,23.0,21.3,20.0,74.0,70.6,64.0,9.0,3.8,0.0,29.8,29.7,29.7,0.0
2019-1-12,Chicago,32.0,30.6,30.0,28.0,25.6,23.0,93.0,82.0,72.0,18.0,9.2,0.0,29.7,29.7,29.7,0.0
2019-1-13,Chicago,32.0,30.4,28.0,28.0,23.4,17.0,89.0,75.5,62.0,20.0,12.0,0.0,29.8,29.7,29.7,0.0
2019-1-14,Chicago,28.0,24.0,15.0,25.0,20.5,13.0,97.0,87.0,65.0,12.0,4.9,0.0,29.8,29.7,29.6,0.0
2019-1-15,Chicago,33.0,28.9,26.0,32.0,26.4,23.0,99.0,89.9,80.0,17.0,8.8,3.0,29.6,29.5,29.4,0.0
2019-1-16,Chicago,36.0,33.2,29.0,33.0,27.4,21.0,96.0,80.3,60.0,16.0,8.2,5.0,29.7,29.6,29.4,0.0
2019-1-17,Chicago,36.0,32.1,29.0,32.0,27.0,21.0,100.0,81.9,69.0,12.0,4.4,0.0,29.6,29.5,29.4,0.0
2019-1-18,Chicago,34.0,32.3,30.0,29.0,27.6,25.0,90.0,82.4,75.0,18.0,9.0,0.0,29.6,29.5,29.4,0.0
2019-1-19,Chicago,31.0,28.1,25.0,28.0,23.8,16.0,93.0,83.6,68.0,30.0,20.7,12.0,29.5,29.4,29.3,0.0
2019-1-20,Chicago,24.0,17.6,12.0,18.0,11.7,9.0,92.0,78.3,61.0,25.0,12.5,0.0,29.8,29.6,29.4,0.0
2019-1-21,Chicago,14.0,9.8,0.0,10.0,-1.1,-13.0,88.0,48.1,0.0,15.0,7.8,0.0,29.9,29.8,29.7,0.0
2019-1-22,Chicago,37.0,25.1,14.0,52.0,18.5,2.0,100.0,72.3,0.0,24.0,10.2,0.0,29.7,29.5,29.3,0.0
2019-1-23,Chicago,39.0,32.3,23.0,39.0,30.1,17.0,100.0,91.8,74.0,18.0,9.1,3.0,29.2,29.1,29.0,0.0
2019-1-24,Chicago,25.0,18.3,6.0,18.0,12.1,-2.0,93.0,77.0,67.0,25.0,12.3,3.0,29.5,29.3,29.2,0.0
2019-1-25,Chicago,11.0,5.8,0.0,6.0,-2.3,-9.0,85.0,69.6,56.0,18.0,10.6,0.0,29.6,29.6,29.5,0.0
2019-1-26,Chicago,16.0,8.9,0.0,12.0,2.3,-6.0,93.0,75.8,58.0,14.0,6.9,0.0,29.6,29.5,29.3,0.0
2019-1-27,Chicago,13.0,7.1,0.0,3.0,-1.3,-6.0,85.0,69.3,45.0,13.0,7.1,0.0,29.5,29.4,29.3,0.0
2019-1-28,Chicago,37.0,21.6,12.0,36.0,16.3,1.0,100.0,80.5,55.0,25.0,16.2,7.0,29.3,29.1,28.9,0.0
2019-1-29,Chicago,13.0,5.8,-5.0,5.0,-4.0,-17.0,73.0,64.6,52.0,29.0,17.0,6.0,29.4,29.3,29.3,0.0
2019-1-30,Chicago,0.0,-8.1,-20.0,0.0,-14.7,-33.0,63.0,32.2,0.0,28.0,12.2,0.0,29.8,20.8,0.0,0.0
2019-1-31,Chicago,3.0,-7.1,-17.0,-2.0,-16.5,-24.0,79.0,64.6,43.0,10.0,4.8,0.0,29.8,29.7,29.7,0.0
2019-10-1,Chicago,88.0,79.9,73.0,72.0,66.2,64.0,78.0,63.7,49.0,17.0,6.5,0.0,29.4,29.3,29.2,0.0
2019-10-2,Chicago,81.0,67.0,59.0,68.0,63.7,59.0,100.0,90.4,57.0,15.0,5.5,0.0,29.3,29.3,29.2,0.0
2019-10-3,Chicago,70.0,62.7,55.0,64.0,56.3,42.0,100.0,81.6,53.0,22.0,9.3,0.0,29.6,29.4,29.3,0.0
2019-10-4,Chicago,61.0,54.9,50.0,50.0,44.7,41.0,94.0,69.4,55.0,16.0,10.4,3.0,29.8,29.7,29.6,0.0
2019-10-5,Chicago,66.0,55.7,48.0,57.0,47.9,42.0,94.0,75.9,49.0,21.0,7.7,0.0,29.7,29.5,29.3,0.0
2019-10-6,Chicago,70.0,61.4,54.0,57.0,46.5,34.0,86.0,61.8,27.0,14.0,7.4,0.0,29.5,29.4,29.3,0.0
2019-10-7,Chicago,72.0,57.2,49.0,50.0,43.2,30.0,100.0,65.7,22.0,22.0,6.0,0.0,29.6,29.5,29.5,0.0
2019-10-8,Chicago,82.0,55.6,45.0,48.0,43.2,32.0,100.0,70.3,23.0,8.0,3.1,0.0,29.6,29.6,29.5,0.0
2019-10-9,Chicago,73.0,59.2,50.0,50.0,42.8,37.0,77.0,56.8,29.0,12.0,6.3,3.0,29.6,29.5,29.4,0.0
2019-10-10,Chicago,72.0,62.8,54.0,62.0,52.5,44.0,88.0,70.0,55.0,10.0,6.7,0.0,29.5,29.4,29.3,0.0
2019-10-11,Chicago,70.0,57.8,41.0,64.0,50.6,24.0,94.0,77.6,50.0,30.0,12.1,6.0,29.4,29.3,29.2,0.0
2019-10-12,Chicago,55.0,45.2,36.0,30.0,26.1,21.0,75.0,49.5,26.0,29.0,10.8,0.0,29.4,29.4,29.2,0.0
2019-10-13,Chicago,59.0,49.3,43.0,36.0,30.8,25.0,76.0,49.9,27.0,17.0,9.4,3.0,29.3,29.3,29.2,0.0
2019-10-14,Chicago,55.0,44.9,38.0,39.0,32.3,27.0,100.0,64.4,36.0,10.0,5.7,0.0,29.5,29.4,29.3,0.0
2019-10-15,Chicago,68.0,50.7,41.0,59.0,40.4,34.0,87.0,68.7,48.0,25.0,8.0,0.0,29.4,29.3,29.1,0.0
2019-10-16,Chicago,54.0,47.7,42.0,39.0,35.0,32.0,83.0,61.8,47.0,20.0,11.7,3.0,29.4,29.3,29.2,0.0
2019-10-17,Chicago,54.0,44.8,37.0,41.0,36.5,34.0,100.0,74.7,47.0,17.0,7.2,0.0,29.4,29.4,29.4,0.0
2019-10-18,Chicago,61.0,43.8,34.0,43.0,36.7,34.0,100.0,79.9,39.0,10.0,2.8,0.0,29.5,29.4,29.3,0.0
2019-10-19,Chicago,70.0,54.2,45.0,49.0,39.9,34.0,78.0,61.3,27.0,13.0,5.7,0.0,29.3,29.2,29.1,0.0
2019-10-20,Chicago,58.0,55.2,51.0,54.0,50.3,48.0,100.0,84.0,70.0,12.0,4.6,0.0,29.3,29.2,29.1,0.0
2019-10-21,Chicago,68.0,58.2,51.0,61.0,48.2,35.0,100.0,72.2,39.0,37.0,12.0,0.0,29.3,29.0,28.8,0.0
2019-10-22,Chicago,54.0,51.4,47.0,41.0,35.4,28.0,71.0,54.9,43.0,117.0,15.6,7.0,29.2,29.0,28.9,0.0
2019-10-23,Chicago,61.0,50.4,41.0,46.0,33.6,28.0,77.0,54.2,34.0,17.0,6.1,0.0,29.4,29.3,29.2,0.0
2019-10-24,Chicago,51.0,46.5,42.0,45.0,40.2,36.0,93.0,79.2,58.0,18.0,6.3,0.0,29.7,29.6,29.4,0.0
2019-10-25,Chicago,50.0,43.9,37.0,43.0,39.5,36.0,100.0,86.0,66.0,8.0,1.2,0.0,29.7,29.7,29.6,0.0
2019-10-26,Chicago,51.0,44.1,35.0,51.0,42.3,35.0,100.0,94.2,71.0,23.0,7.8,0.0,29.6,29.3,28.7,0.0
2019-10-27,Chicago,59.0,51.5,48.0,51.0,44.0,30.0,100.0,77.5,36.0,23.0,11.1,0.0,29.4,29.1,28.7,0.0
2019-10-28,Chicago,55.0,48.5,41.0,47.0,45.0,41.0,100.0,87.4,63.0,8.0,3.5,0.0,29.4,29.4,29.4,0.0
2019-10-29,Chicago,50.0,44.2,41.0,49.0,39.7,32.0,100.0,84.8,66.0,17.0,8.3,0.0,29.7,29.5,29.3,0.0
2019-10-30,Chicago,45.0,41.9,39.0,43.0,38.1,32.0,100.0,86.9,67.0,23.0,12.1,6.0,29.7,29.5,29.3,0.0
2019-10-31,Chicago,45.0,38.4,30.0,43.0,35.4,24.0,95.0,89.1,78.0,29.0,16.6,7.0,29.5,29.3,29.1,0.0
2019-11-1,Chicago,45.0,35.6,27.0,33.0,26.3,23.0,93.0,71.3,43.0,17.0,7.4,0.0,29.6,29.5,29.5,0.0
2019-11-2,Chicago,45.0,39.8,36.0,37.0,29.8,21.0,93.0,69.5,45.0,26.0,10.2,3.0,29.5,29.5,29.5,0.0
2019-11-3,Chicago,54.0,41.9,31.0,32.0,28.8,25.0,93.0,63.8,35.0,16.0,6.0,0.0,29.6,29.4,29.3,0.0
2019-11-4,Chicago,54.0,48.1,41.0,34.0,31.9,30.0,71.0,54.0,47.0,16.0,9.7,0.0,29.5,29.4,29.3,0.0
2019-11-5,Chicago,43.0,37.1,30.0,31.0,23.5,5.0,81.0,61.5,21.0,17.0,7.4,0.0,29.7,29.6,29.5,0.0
2019-11-6,Chicago,59.0,39.9,33.0,36.0,27.1,21.0,88.0,63.3,25.0,21.0,9.5,0.0,29.8,29.7,29.5,0.0
2019-11-7,Chicago,36.0,31.3,24.0,33.0,18.2,5.0,90.0,61.6,30.0,29.0,15.4,9.0,29.8,29.8,29.7,0.0
2019-11-8,Chicago,34.0,26.7,21.0,12.0,6.8,-6.0,63.0,44.8,18.0,12.0,7.8,0.0,29.9,29.8,29.6,0.0
2019-11-9,Chicago,48.0,37.8,30.0,30.0,18.2,8.0,60.0,45.7,34.0,18.0,6.9,0.0,29.6,29.4,29.3,0.0
2019-11-10,Chicago,45.0,41.9,34.0,36.0,33.2,30.0,93.0,71.8,59.0,16.0,7.3,0.0,29.5,29.4,29.3,0.0
2019-11-11,Chicago,40.0,30.8,18.0,35.0,24.6,5.0,93.0,78.2,58.0,52.0,17.4,9.0,29.8,29.6,29.5,0.0
2019-11-12,Chicago,19.0,15.4,12.0,6.0,2.9,-2.0,69.0,58.6,39.0,18.0,10.1,0.0,29.9,29.8,29.8,0.0
2019-11-13,Chicago,29.0,20.6,13.0,20.0,7.6,1.0,71.0,57.8,40.0,17.0,7.6,0.0,29.8,29.6,29.4,0.0
2019-11-14,Chicago,34.0,29.1,26.0,23.0,20.8,18.0,81.0,71.1,60.0,14.0,4.8,0.0,29.7,29.6,29.5,0.0
2019-11-15,Chicago,37.0,30.3,23.0,32.0,22.9,18.0,93.0,74.5,56.0,10.0,2.8,0.0,29.8,29.7,29.7,0.0
2019-11-16,Chicago,43.0,33.9,28.0,29.0,26.2,23.0,89.0,73.9,53.0,12.0,5.6,0.0,29.8,29.7,29.6,0.0
2019-11-17,Chicago,41.0,33.4,27.0,32.0,28.0,24.0,92.0,80.3,61.0,9.0,3.5,0.0,29.6,29.4,29.2,0.0
2019-11-18,Chicago,41.0,38.3,37.0,36.0,32.8,31.0,93.0,80.0,70.0,10.0,2.8,0.0,38.9,29.7,29.1,0.0
2019-11-19,Chicago,43.0,39.1,36.0,40.0,34.7,30.0,100.0,84.6,70.0,6.0,0.8,0.0,29.4,29.2,29.1,0.0
2019-11-20,Chicago,50.0,42.9,39.0,39.0,37.6,36.0,95.0,82.0,58.0,16.0,4.3,0.0,29.6,29.2,19.7,0.0
2019-11-21,Chicago,57.0,47.0,42.0,52.0,39.4,31.0,94.0,75.2,64.0,36.0,15.5,8.0,29.4,29.3,29.1,0.0
2019-11-22,Chicago,42.0,34.5,25.0,31.0,25.9,23.0,94.0,72.1,60.0,17.0,8.3,0.0,29.6,29.5,29.4,0.0
2019-11-23,Chicago,41.0,32.4,25.0,30.0,26.4,24.0,94.0,79.6,56.0,12.0,3.9,0.0,29.4,29.2,29.1,0.0
2019-11-24,Chicago,52.0,41.9,34.0,37.0,31.8,28.0,87.0,68.9,47.0,15.0,7.3,3.0,29.1,29.1,29.0,0.0
2019-11-25,Chicago,55.0,43.4,36.0,41.0,36.3,34.0,94.0,76.7,51.0,12.0,5.5,0.0,29.1,29.0,29.0,0.0
2019-11-26,Chicago,57.0,42.0,30.0,54.0,39.0,30.0,100.0,90.1,62.0,15.0,5.0,0.0,29.2,26.0,0.0,0.0
2019-11-27,Chicago,58.0,46.4,36.0,54.0,37.2,22.0,91.0,70.6,57.0,32.0,18.6,7.0,29.6,20.5,0.0,0.0
2019-11-28,Chicago,39.0,36.9,34.0,36.0,27.4,21.0,93.0,68.9,58.0,18.0,9.7,0.0,29.9,29.8,29.7,0.0
2019-11-29,Chicago,41.0,39.1,37.0,36.0,34.0,32.0,93.0,81.1,70.0,10.0,2.4,0.0,29.8,29.7,29.4,0.0
2019-11-30,Chicago,42.0,39.2,37.0,40.0,36.0,33.0,93.0,87.6,78.0,23.0,11.1,0.0,29.5,29.2,28.8,0.0
2019-12-1,Chicago,43.0,40.2,35.0,43.0,36.9,31.0,100.0,88.3,70.0,24.0,11.4,3.0,29.1,28.8,28.7,0.0
2019-12-2,Chicago,37.0,34.8,33.0,32.0,27.9,25.0,91.0,76.5,60.0,25.0,13.4,0.0,29.4,29.3,29.1,0.0
2019-12-3,Chicago,41.0,35.1,32.0,32.0,28.2,26.0,87.0,76.0,57.0,18.0,8.0,3.0,29.4,29.2,29.0,0.0
2019-12-4,Chicago,45.0,37.3,32.0,32.0,27.4,23.0,82.0,68.7,43.0,22.0,11.8,3.0,29.3,29.1,29.0,0.0
2019-12-5,Chicago,48.0,38.0,27.0,34.0,28.7,25.0,100.0,71.7,43.0,8.0,4.3,0.0,29.4,29.4,29.3,0.0
2019-12-6,Chicago,44.0,36.4,24.0,36.0,28.2,22.0,94.0,73.1,56.0,21.0,8.6,0.0,29.8,29.6,29.3,0.0
2019-12-7,Chicago,41.0,31.9,23.0,25.0,23.1,19.0,94.0,72.6,45.0,10.0,4.8,0.0,29.8,29.7,29.5,0.0
2019-12-8,Chicago,51.0,43.3,35.0,43.0,32.8,22.0,76.0,66.6,56.0,16.0,8.9,0.0,29.5,29.3,29.1,0.0
2019-12-9,Chicago,51.0,44.4,28.0,49.0,39.5,19.0,94.0,83.4,69.0,22.0,10.9,6.0,29.2,29.0,28.8,0.0
2019-12-10,Chicago,27.0,22.4,18.0,57.0,12.3,1.0,74.0,56.1,0.0,23.0,13.4,7.0,29.7,29.5,29.2,0.0
2019-12-11,Chicago,27.0,20.3,18.0,15.0,10.2,5.0,86.0,65.8,46.0,14.0,6.7,0.0,29.9,29.8,29.7,0.0
2019-12-12,Chicago,46.0,32.8,21.0,24.0,20.0,15.0,78.0,61.1,40.0,22.0,10.2,3.0,29.8,29.6,29.4,0.0
2019-12-13,Chicago,46.0,37.7,30.0,31.0,26.6,24.0,94.0,65.8,43.0,10.0,4.7,0.0,29.4,29.3,29.1,0.0
2019-12-14,Chicago,37.0,32.6,28.0,37.0,27.4,17.0,100.0,82.7,60.0,17.0,6.4,0.0,29.3,29.1,29.1,0.0
2019-12-15,Chicago,28.0,26.4,23.0,24.0,16.6,13.0,92.0,67.6,59.0,15.0,5.9,0.0,29.5,29.4,29.3,0.0
2019-12-16,Chicago,36.0,30.9,27.0,30.0,26.5,24.0,93.0,83.5,70.0,696.0,23.4,0.0,29.6,29.5,29.5,0.0
2019-12-17,Chicago,32.0,29.6,27.0,26.0,21.8,14.0,80.0,73.3,48.0,21.0,12.8,5.0,29.5,29.5,29.4,0.0
2019-12-18,Chicago,29.0,22.1,14.0,23.0,7.4,-13.0,79.0,55.2,23.0,16.0,8.5,0.0,29.8,29.6,29.4,0.0
2019-12-19,Chicago,36.0,24.2,17.0,25.0,11.4,-4.0,92.0,60.4,36.0,17.0,6.6,0.0,29.7,29.7,29.6,0.0
2019-12-20,Chicago,41.0,31.5,22.0,28.0,24.8,20.0,94.0,78.1,57.0,13.0,3.6,0.0,29.8,29.8,29.7,0.0
2019-12-21,Chicago,50.0,39.3,34.0,32.0,27.3,25.0,75.0,62.6,43.0,12.0,6.0,3.0,29.8,29.7,29.7,0.0
2019-12-22,Chicago,54.0,40.5,34.0,32.0,27.4,25.0,75.0,61.5,33.0,12.0,6.1,3.0,29.7,29.6,29.5,0.0
2019-12-23,Chicago,57.0,40.8,32.0,34.0,31.3,27.0,95.0,72.0,31.0,8.0,5.2,0.0,29.5,29.5,29.4,0.0
2019-12-24,Chicago,55.0,39.0,25.0,41.0,33.0,25.0,100.0,81.4,47.0,13.0,4.2,0.0,29.5,29.4,29.3,0.0
2019-12-25,Chicago,61.0,50.6,41.0,47.0,39.7,32.0,83.0,67.3,45.0,12.0,6.7,0.0,29.3,29.3,29.2,0.0
2019-12-26,Chicago,64.0,55.3,44.0,52.0,47.1,37.0,88.0,74.7,59.0,17.0,9.1,5.0,29.4,29.3,29.3,0.0
2019-12-27,Chicago,43.0,35.5,26.0,37.0,30.2,25.0,94.0,81.2,70.0,16.0,6.9,0.0,29.7,29.6,29.4,0.0
2019-12-28,Chicago,53.0,40.1,29.0,49.0,36.2,28.0,95.0,86.5,71.0,16.0,7.5,0.0,29.6,29.5,29.2,0.0
2019-12-29,Chicago,61.0,55.0,49.0,59.0,52.3,47.0,100.0,90.6,72.0,23.0,10.1,3.0,29.1,29.0,28.8,0.0
2019-12-30,Chicago,49.0,36.9,31.0,47.0,30.9,23.0,92.0,79.2,65.0,23.0,14.7,5.0,29.0,28.9,28.8,0.0
2019-12-31,Chicago,32.0,29.4,28.0,26.0,21.9,16.0,86.0,73.2,59.0,25.0,15.1,6.0,29.2,29.1,28.9,0.0
2019-2-1,Chicago,21.0,11.5,4.0,12.0,5.3,-1.0,86.0,77.0,62.0,8.0,2.8,0.0,29.7,29.7,29.6,0.0
2019-2-2,Chicago,43.0,31.7,16.0,42.0,28.8,13.0,100.0,89.7,76.0,17.0,8.2,5.0,29.6,29.4,29.3,0.0
2019-2-3,Chicago,52.0,47.1,42.0,48.0,44.4,42.0,100.0,90.0,82.0,14.0,8.1,5.0,29.3,29.2,29.2,0.0
2019-2-4,Chicago,52.0,46.5,34.0,52.0,43.4,31.0,100.0,89.0,76.0,16.0,9.7,6.0,29.4,29.2,29.1,0.0
2019-2-5,Chicago,36.0,32.8,30.0,35.0,29.5,25.0,100.0,87.9,75.0,23.0,7.9,0.0,29.5,29.4,29.3,0.0
2019-2-6,Chicago,37.0,35.9,35.0,37.0,35.9,35.0,100.0,100.0,100.0,14.0,4.0,0.0,29.4,29.3,29.2,0.0
2019-2-7,Chicago,52.0,33.3,14.0,52.0,30.9,5.0,100.0,91.3,67.0,41.0,12.0,0.0,29.4,29.2,28.9,0.0
2019-2-8,Chicago,16.0,12.3,9.0,5.0,2.6,0.0,73.0,65.5,53.0,29.0,18.7,8.0,30.2,29.8,29.4,0.0
2019-2-9,Chicago,25.0,16.6,9.0,18.0,9.1,2.0,80.0,72.5,54.0,10.0,4.8,0.0,30.3,30.1,30.0,0.0
2019-2-10,Chicago,30.0,25.2,0.0,29.0,19.7,0.0,100.0,74.6,0.0,10.0,5.0,0.0,30.0,28.1,0.0,0.0
2019-2-11,Chicago,0.0,0.0,0.0,0.0,0.0,0.0,0.0,0.0,0.0,14.0,4.7,0.0,29.5,17.1,0.0,0.0
2019-2-12,Chicago,34.0,11.1,0.0,34.0,9.6,0.0,100.0,33.8,0.0,25.0,8.8,0.0,29.1,19.1,0.0,0.0
2019-2-13,Chicago,32.0,23.2,16.0,25.0,17.2,10.0,100.0,78.0,69.0,24.0,15.2,3.0,29.4,29.3,29.1,0.0
2019-2-14,Chicago,48.0,40.1,32.0,39.0,30.8,25.0,87.0,69.7,57.0,21.0,10.2,5.0,29.2,29.0,28.9,0.0
2019-2-15,Chicago,35.0,24.0,16.0,29.0,15.8,7.0,80.0,71.4,54.0,24.0,14.0,5.0,29.4,29.3,29.0,0.0
2019-2-16,Chicago,32.0,25.6,21.0,25.0,16.5,11.0,80.0,68.6,62.0,16.0,8.0,0.0,29.5,29.4,29.4,0.0
2019-2-17,Chicago,32.0,27.9,26.0,28.0,22.9,19.0,100.0,82.1,69.0,13.0,6.6,0.0,29.4,29.3,29.2,0.0
2019-2-18,Chicago,30.0,27.3,22.0,27.0,22.9,16.0,93.0,84.0,59.0,14.0,5.9,0.0,29.9,29.6,29.3,0.0
2019-2-19,Chicago,34.0,24.8,12.0,25.0,17.9,10.0,93.0,77.3,55.0,10.0,4.0,0.0,30.0,29.9,29.7,0.0
2019-2-20,Chicago,39.0,33.2,0.0,39.0,28.1,0.0,100.0,79.6,0.0,20.0,12.3,7.0,29.7,29.3,29.1,0.0
2019-2-21,Chicago,37.0,32.8,27.0,24.0,21.4,18.0,83.0,63.4,45.0,17.0,10.4,0.0,29.7,29.5,29.3,0.0
2019-2-22,Chicago,37.0,32.4,27.0,30.0,25.2,21.0,93.0,75.7,56.0,9.0,5.8,0.0,29.8,29.7,29.6,0.0
2019-2-23,Chicago,51.0,40.0,36.0,51.0,35.7,27.0,100.0,85.6,68.0,21.0,9.9,3.0,29.6,29.2,28.7,0.0
2019-2-24,Chicago,51.0,34.6,17.0,51.0,27.4,6.0,100.0,75.5,59.0,41.0,25.0,5.0,29.5,29.0,28.6,0.0
2019-2-25,Chicago,27.0,18.5,10.0,10.0,3.8,-4.0,63.0,53.8,26.0,25.0,11.6,3.0,29.8,29.7,29.5,0.0
2019-2-26,Chicago,27.0,24.9,23.0,18.0,14.1,10.0,80.0,64.4,55.0,16.0,10.0,6.0,29.9,29.8,29.6,0.0
2019-2-27,Chicago,34.0,26.5,20.0,23.0,17.0,10.0,71.0,67.7,59.0,12.0,7.8,0.0,29.6,29.6,29.5,0.0
2019-2-28,Chicago,27.0,24.2,19.0,23.0,18.9,11.0,96.0,81.0,68.0,10.0,4.5,0.0,29.6,29.6,29.5,0.0
2019-3-1,Chicago,34.0,29.6,24.0,28.0,25.0,23.0,96.0,83.1,65.0,10.0,2.5,0.0,29.6,29.5,29.5,0.0
2019-3-2,Chicago,32.0,31.2,30.0,31.0,26.0,21.0,100.0,81.5,64.0,17.0,6.8,0.0,29.6,29.6,29.5,0.0
2019-3-3,Chicago,30.0,22.5,10.0,24.0,12.3,-4.0,80.0,65.6,33.0,20.0,13.5,8.0,29.6,29.6,29.5,0.0
2019-3-4,Chicago,18.0,7.1,0.0,1.0,-1.0,-8.0,62.0,33.7,0.0,23.0,13.0,0.0,29.6,25.4,0.0,0.0
2019-3-5,Chicago,23.0,15.1,11.0,7.0,1.5,0.0,73.0,55.8,39.0,23.0,14.4,8.0,29.7,29.5,29.4,0.0
2019-3-6,Chicago,32.0,21.2,10.0,14.0,6.7,2.0,79.0,55.2,32.0,17.0,11.4,7.0,29.7,29.6,29.6,0.0
2019-3-7,Chicago,30.0,24.5,19.0,18.0,14.8,11.0,91.0,66.9,51.0,17.0,7.5,0.0,29.8,29.7,29.6,0.0
2019-3-8,Chicago,39.0,29.5,24.0,30.0,23.5,17.0,94.0,79.0,65.0,9.0,3.3,0.0,29.6,29.5,29.5,0.0
2019-3-9,Chicago,48.0,37.9,29.0,47.0,33.2,26.0,100.0,84.3,57.0,35.0,12.8,3.0,29.5,29.1,28.7,0.0
2019-3-10,Chicago,42.0,38.1,32.0,38.0,30.5,23.0,85.0,73.7,65.0,35.0,21.5,5.0,29.6,29.2,28.8,0.0
2019-3-11,Chicago,45.0,33.8,30.0,24.0,20.6,16.0,71.0,60.0,36.0,17.0,9.6,5.0,29.8,29.7,29.6,0.0
2019-3-12,Chicago,50.0,34.9,23.0,28.0,25.0,21.0,100.0,71.5,35.0,14.0,5.2,0.0,29.8,29.7,29.4,0.0
2019-3-13,Chicago,61.0,48.2,41.0,50.0,38.9,28.0,93.0,71.8,49.0,14.0,11.0,5.0,29.4,29.3,29.1,0.0
2019-3-14,Chicago,64.0,54.6,43.0,59.0,48.5,36.0,94.0,80.3,52.0,41.0,17.0,9.0,29.1,28.9,28.7,0.0
2019-3-15,Chicago,43.0,39.4,36.0,38.0,33.6,23.0,93.0,79.5,52.0,26.0,15.8,10.0,29.6,29.2,29.0,0.0
2019-3-16,Chicago,41.0,33.9,28.0,27.0,22.5,18.0,86.0,63.8,39.0,17.0,10.1,0.0,29.7,29.6,29.5,0.0
2019-3-17,Chicago,45.0,32.8,28.0,34.0,26.2,23.0,100.0,78.0,43.0,12.0,3.6,0.0,29.7,29.6,29.6,0.0
2019-3-18,Chicago,45.0,34.6,28.0,29.0,26.9,23.0,96.0,76.2,43.0,17.0,4.9,0.0,29.8,29.7,29.7,0.0
2019-3-19,Chicago,50.0,38.1,28.0,29.0,26.3,19.0,96.0,67.1,30.0,12.0,4.6,0.0,29.8,29.7,29.6,0.0
2019-3-20,Chicago,46.0,43.4,41.0,43.0,33.9,27.0,95.0,71.6,51.0,10.0,5.8,0.0,29.6,29.4,29.3,0.0
2019-3-21,Chicago,45.0,39.9,37.0,40.0,36.8,32.0,100.0,88.8,61.0,17.0,7.8,0.0,29.4,29.3,29.3,0.0
2019-3-22,Chicago,43.0,38.1,32.0,35.0,31.6,27.0,93.0,77.8,57.0,21.0,8.2,0.0,29.6,29.4,29.3,0.0
2019-3-23,Chicago,50.0,35.4,25.0,34.0,28.5,23.0,100.0,79.8,40.0,12.0,2.5,0.0,29.7,29.6,29.6,0.0
2019-3-24,Chicago,54.0,44.4,37.0,43.0,31.1,24.0,100.0,62.2,45.0,20.0,3.8,0.0,29.6,29.5,29.4,0.0
2019-3-25,Chicago,39.0,36.7,34.0,36.0,29.6,23.0,95.0,75.8,56.0,23.0,14.3,3.0,29.8,29.6,29.5,0.0
2019-3-26,Chicago,43.0,35.4,30.0,27.0,17.2,1.0,77.0,53.0,18.0,10.0,6.3,0.0,29.9,29.8,29.7,0.0
2019-3-27,Chicago,59.0,41.7,27.0,40.0,23.1,16.0,88.0,53.1,23.0,14.0,6.8,0.0,29.7,29.6,29.5,0.0
2019-3-28,Chicago,64.0,49.6,42.0,45.0,39.9,36.0,81.0,70.0,45.0,20.0,9.6,0.0,29.5,29.4,29.4,0.0
2019-3-29,Chicago,48.0,42.5,39.0,39.0,36.5,34.0,97.0,80.0,66.0,16.0,7.6,0.0,29.5,29.4,29.3,0.0
2019-3-30,Chicago,41.0,38.0,33.0,41.0,33.5,23.0,100.0,84.9,61.0,21.0,14.3,8.0,29.5,29.3,29.2,0.0
2019-3-31,Chicago,36.0,31.8,27.0,23.0,15.9,10.0,67.0,52.8,38.0,23.0,12.7,3.0,29.7,29.6,29.5,0.0
2019-4-1,Chicago,48.0,37.0,28.0,30.0,22.0,18.0,69.0,55.6,36.0,17.0,8.8,3.0,29.7,29.6,29.5,0.0
2019-4-2,Chicago,57.0,45.5,39.0,34.0,29.7,18.0,67.0,56.0,21.0,24.0,11.1,5.0,29.5,29.4,29.3,0.0
2019-4-3,Chicago,59.0,48.2,39.0,40.0,29.8,18.0,73.0,52.6,21.0,20.0,8.2,0.0,29.7,29.6,29.4,0.0
2019-4-4,Chicago,48.0,45.3,40.0,45.0,42.1,38.0,95.0,88.5,79.0,18.0,8.1,0.0,29.7,29.7,29.5,0.0
2019-4-5,Chicago,50.0,43.9,41.0,45.0,40.0,37.0,94.0,86.2,76.0,10.0,3.0,0.0,29.5,29.5,29.4,0.0
2019-4-6,Chicago,63.0,50.3,39.0,50.0,44.5,39.0,100.0,82.9,55.0,14.0,3.6,0.0,29.6,29.5,29.4,0.0
2019-4-7,Chicago,73.0,60.9,53.0,59.0,50.1,46.0,78.0,68.4,50.0,24.0,8.7,3.0,29.4,29.3,29.1,0.0
2019-4-8,Chicago,73.0,62.6,54.0,55.0,46.5,30.0,100.0,61.7,23.0,14.0,4.9,0.0,29.3,29.2,29.1,0.0
2019-4-9,Chicago,66.0,54.9,42.0,41.0,35.5,25.0,87.0,52.2,23.0,21.0,10.4,0.0,29.4,29.2,29.1,0.0
2019-4-10,Chicago,44.0,40.6,37.0,39.0,35.7,32.0,93.0,82.5,67.0,21.0,15.2,12.0,29.4,29.3,29.3,0.0
2019-4-11,Chicago,68.0,51.6,41.0,54.0,38.9,30.0,89.0,63.7,37.0,25.0,14.8,0.0,29.3,29.1,28.9,0.0
2019-4-12,Chicago,58.0,51.4,44.0,57.0,37.0,23.0,96.0,62.8,29.0,30.0,13.1,0.0,29.4,29.1,28.9,0.0
2019-4-13,Chicago,55.0,44.4,39.0,32.0,25.3,21.0,66.0,48.3,31.0,17.0,10.0,5.0,29.5,29.4,29.4,0.0
2019-4-14,Chicago,42.0,37.4,34.0,36.0,33.4,30.0,100.0,86.3,62.0,32.0,17.2,8.0,29.4,29.2,28.9,0.0
2019-4-15,Chicago,54.0,43.9,34.0,37.0,32.2,25.0,99.0,67.7,33.0,22.0,11.3,0.0,29.4,29.3,29.2,0.0
2019-4-16,Chicago,75.0,54.5,45.0,52.0,41.6,36.0,91.0,63.7,41.0,16.0,9.7,3.0,29.4,29.3,29.2,0.0
2019-4-17,Chicago,77.0,58.6,44.0,57.0,47.7,42.0,94.0,71.1,38.0,14.0,7.9,0.0,29.4,29.2,29.0,0.0
2019-4-18,Chicago,67.0,55.2,43.0,63.0,52.5,41.0,100.0,91.6,72.0,17.0,10.4,6.0,29.2,29.0,28.9,0.0
2019-4-19,Chicago,45.0,42.8,41.0,42.0,37.7,32.0,94.0,83.2,61.0,29.0,20.9,14.0,29.2,29.2,29.1,0.0
2019-4-20,Chicago,55.0,45.4,39.0,36.0,30.6,16.0,81.0,60.1,21.0,28.0,14.3,0.0,29.3,29.2,29.2,0.0
2019-4-21,Chicago,79.0,56.1,37.0,37.0,28.6,12.0,90.0,43.0,14.0,15.0,5.0,0.0,29.4,29.4,29.3,0.0
2019-4-22,Chicago,81.0,66.5,55.0,57.0,42.6,36.0,68.0,42.9,26.0,23.0,10.6,5.0,29.5,29.4,29.2,0.0
2019-4-23,Chicago,70.0,54.8,45.0,58.0,46.9,39.0,100.0,76.5,50.0,15.0,7.3,0.0,29.4,29.3,29.2,0.0
2019-4-24,Chicago,63.0,50.2,39.0,48.0,41.5,34.0,100.0,75.7,39.0,9.0,2.3,0.0,29.4,29.3,29.2,0.0
2019-4-25,Chicago,63.0,54.6,48.0,48.0,41.4,34.0,94.0,62.3,42.0,23.0,5.4,0.0,29.2,29.1,29.0,0.0
2019-4-26,Chicago,66.0,53.5,48.0,49.0,38.5,23.0,95.0,62.7,19.0,29.0,15.3,0.0,29.3,29.2,29.1,0.0
2019-4-27,Chicago,52.0,41.7,36.0,39.0,34.8,28.0,100.0,79.4,41.0,23.0,12.1,3.0,29.4,29.3,29.2,0.0
2019-4-28,Chicago,48.0,43.2,39.0,38.0,33.3,28.0,97.0,69.3,50.0,22.0,10.9,0.0,29.6,29.5,29.3,0.0
2019-4-29,Chicago,55.0,49.1,45.0,50.0,42.9,34.0,100.0,80.3,59.0,17.0,8.2,0.0,29.6,29.5,29.3,0.0
2019-4-30,Chicago,50.0,46.8,41.0,50.0,46.0,41.0,100.0,97.2,87.0,16.0,7.8,0.0,29.6,29.5,29.4,0.0
2019-5-1,Chicago,63.0,52.7,46.0,59.0,51.1,46.0,100.0,95.1,77.0,20.0,8.7,0.0,29.5,29.3,29.2,0.0
2019-5-2,Chicago,48.0,45.3,43.0,48.0,45.2,43.0,100.0,99.8,98.0,14.0,7.5,0.0,29.5,29.5,29.4,0.0
2019-5-3,Chicago,48.0,45.8,45.0,46.0,43.7,41.0,100.0,92.7,82.0,17.0,8.9,0.0,29.5,29.4,29.4,0.0
2019-5-4,Chicago,54.0,47.7,45.0,45.0,40.8,36.0,96.0,79.1,51.0,10.0,4.3,0.0,29.4,29.4,29.3,0.0
2019-5-5,Chicago,73.0,56.0,43.0,52.0,43.4,37.0,100.0,69.5,27.0,14.0,2.7,0.0,29.3,29.3,29.2,0.0
2019-5-6,Chicago,70.0,53.7,45.0,54.0,47.5,41.0,100.0,81.0,43.0,15.0,7.0,0.0,29.5,29.4,29.3,0.0
2019-5-7,Chicago,48.0,46.4,45.0,48.0,43.7,37.0,100.0,90.9,76.0,17.0,10.1,5.0,29.6,29.6,29.5,0.0
2019-5-8,Chicago,75.0,58.4,46.0,54.0,45.8,36.0,90.0,64.2,44.0,18.0,11.8,6.0,29.6,29.4,29.1,0.0
2019-5-9,Chicago,72.0,61.0,52.0,66.0,55.2,43.0,100.0,82.2,59.0,17.0,8.6,0.0,29.3,29.1,29.0,0.0
2019-5-10,Chicago,52.0,49.1,44.0,45.0,41.3,37.0,100.0,75.2,58.0,12.0,7.4,0.0,29.6,29.4,29.3,0.0
2019-5-11,Chicago,54.0,47.2,43.0,45.0,41.3,36.0,93.0,80.6,58.0,13.0,4.4,0.0,29.5,29.5,29.3,0.0
2019-5-12,Chicago,50.0,46.5,45.0,43.0,40.9,39.0,87.0,80.9,66.0,16.0,10.2,6.0,29.3,29.2,29.2,0.0
2019-5-13,Chicago,55.0,48.4,45.0,46.0,42.7,41.0,100.0,81.6,58.0,10.0,6.6,0.0,29.4,29.3,29.2,0.0
2019-5-14,Chicago,68.0,52.3,41.0,49.0,40.1,28.0,100.0,72.1,23.0,9.0,2.4,0.0,29.4,29.4,29.4,0.0
2019-5-15,Chicago,72.0,60.3,50.0,57.0,47.8,38.0,94.0,66.1,41.0,9.0,2.4,0.0,29.4,29.3,29.3,0.0
2019-5-16,Chicago,75.0,65.3,59.0,67.0,59.2,52.0,100.0,81.9,57.0,12.0,4.4,0.0,29.3,29.2,29.1,0.0
2019-5-17,Chicago,70.0,53.9,45.0,68.0,51.6,42.0,100.0,91.3,82.0,15.0,8.4,0.0,29.3,29.2,29.1,0.0
2019-5-18,Chicago,86.0,62.0,46.0,66.0,54.7,43.0,100.0,80.3,35.0,16.0,6.9,0.0,29.3,29.2,29.1,0.0
2019-5-19,Chicago,79.0,69.7,61.0,64.0,59.2,49.0,88.0,70.5,41.0,21.0,11.6,6.0,29.2,29.1,29.0,0.0
2019-5-20,Chicago,60.0,52.8,46.0,50.0,42.8,37.0,84.0,69.4,58.0,18.0,10.7,0.0,29.6,29.4,29.2,0.0
2019-5-21,Chicago,56.0,51.0,47.0,46.0,42.1,37.0,93.0,72.3,57.0,20.0,11.1,0.0,29.5,29.4,29.2,0.0
2019-5-22,Chicago,84.0,65.9,52.0,65.0,55.2,45.0,100.0,73.3,25.0,20.0,10.3,0.0,29.3,29.3,29.2,0.0
2019-5-23,Chicago,77.0,69.7,55.0,70.0,58.2,46.0,100.0,70.6,36.0,29.0,11.6,0.0,29.5,27.8,0.0,0.0
2019-5-24,Chicago,77.0,66.1,55.0,70.0,58.9,50.0,94.0,77.7,60.0,15.0,6.6,0.0,29.6,29.4,29.3,0.0
2019-5-25,Chicago,84.0,77.7,73.0,70.0,65.1,59.0,79.0,65.5,45.0,23.0,8.3,0.0,29.3,29.3,29.2,0.0
2019-5-26,Chicago,74.0,65.4,53.0,70.0,60.0,51.0,100.0,83.1,64.0,17.0,4.1,0.0,29.5,29.4,29.3,0.0
2019-5-27,Chicago,79.0,63.1,52.0,71.0,59.8,52.0,100.0,90.6,54.0,31.0,3.8,0.0,29.4,29.3,29.1,0.0
2019-5-28,Chicago,73.0,61.9,50.0,69.0,59.6,50.0,100.0,92.6,83.0,16.0,5.7,0.0,29.2,29.1,29.0,0.0
2019-5-29,Chicago,64.0,58.1,52.0,61.0,56.4,52.0,100.0,94.7,82.0,17.0,4.0,0.0,29.2,29.1,29.0,0.0
2019-5-30,Chicago,77.0,65.5,61.0,65.0,61.5,54.0,100.0,87.8,57.0,14.0,3.4,0.0,29.2,29.1,29.1,0.0
2019-5-31,Chicago,82.0,69.6,59.0,64.0,59.7,55.0,100.0,74.7,39.0,17.0,5.1,0.0,29.3,29.2,29.2,0.0
2019-6-1,Chicago,81.0,67.2,55.0,64.0,61.2,55.0,100.0,82.3,57.0,12.0,6.5,0.0,29.2,29.2,29.1,0.0
2019-6-2,Chicago,64.0,58.0,54.0,54.0,48.8,39.0,97.0,73.7,42.0,12.0,5.3,0.0,29.4,29.3,29.2,0.0
2019-6-3,Chicago,64.0,57.9,53.0,56.0,47.3,37.0,92.0,69.6,42.0,14.0,6.3,0.0,29.5,29.5,29.4,0.0
2019-6-4,Chicago,82.0,69.0,58.0,61.0,54.3,49.0,88.0,61.0,32.0,16.0,5.7,0.0,29.4,29.3,29.1,0.0
2019-6-5,Chicago,81.0,70.7,58.0,70.0,64.3,58.0,100.0,82.9,54.0,12.0,6.8,0.0,29.3,29.1,29.1,0.0
2019-6-6,Chicago,63.0,58.0,56.0,59.0,57.4,56.0,100.0,98.2,88.0,8.0,4.2,0.0,29.3,29.3,29.2,0.0
2019-6-7,Chicago,68.0,59.9,55.0,63.0,57.9,55.0,100.0,93.6,83.0,14.0,4.7,0.0,29.4,29.3,29.3,0.0
2019-6-8,Chicago,77.0,67.3,60.0,61.0,59.2,57.0,100.0,76.8,52.0,14.0,6.9,0.0,29.4,29.3,29.3,0.0
2019-6-9,Chicago,73.0,66.9,63.0,70.0,63.3,59.0,100.0,88.8,65.0,9.0,3.7,0.0,29.3,29.3,29.3,0.0
2019-6-10,Chicago,68.0,63.5,54.0,67.0,58.1,48.0,100.0,84.6,52.0,17.0,5.5,0.0,29.5,29.4,29.3,0.0
2019-6-11,Chicago,81.0,67.3,53.0,55.0,43.4,34.0,99.0,49.7,18.0,12.0,5.0,0.0,29.6,29.5,29.4,0.0
2019-6-12,Chicago,75.0,66.7,59.0,59.0,48.8,40.0,99.0,56.2,31.0,17.0,6.8,0.0,29.4,29.3,29.1,0.0
2019-6-13,Chicago,64.0,56.8,53.0,59.0,50.2,43.0,100.0,80.5,49.0,28.0,12.8,0.0,29.4,29.2,29.1,0.0
2019-6-14,Chicago,81.0,63.3,47.0,54.0,45.9,34.0,98.0,58.8,20.0,26.0,8.4,0.0,29.4,29.4,29.2,0.0
2019-6-15,Chicago,70.0,65.6,58.0,70.0,59.8,53.0,100.0,83.0,61.0,14.0,7.1,0.0,29.3,29.2,29.1,0.0
2019-6-16,Chicago,63.0,57.7,55.0,63.0,57.4,55.0,100.0,99.1,88.0,17.0,5.6,0.0,29.3,29.2,29.1,0.0
2019-6-17,Chicago,61.0,56.8,55.0,61.0,56.4,55.0,100.0,98.9,88.0,8.0,5.2,0.0,29.4,29.4,29.3,0.0
2019-6-18,Chicago,70.0,59.5,46.0,64.0,59.1,56.0,100.0,94.1,0.0,7.0,2.3,0.0,29.4,29.3,29.2,0.0
2019-6-19,Chicago,70.0,57.6,0.0,64.0,56.5,0.0,100.0,93.5,0.0,14.0,5.2,0.0,29.2,29.1,29.0,0.0
2019-6-20,Chicago,64.0,57.3,54.0,59.0,56.7,53.0,100.0,98.2,83.0,23.0,9.3,0.0,29.3,29.1,28.9,0.0
2019-6-21,Chicago,68.0,58.0,50.0,57.0,52.4,48.0,100.0,83.8,52.0,12.0,3.0,0.0,29.4,29.4,29.3,0.0
2019-6-22,Chicago,81.0,69.8,59.0,64.0,60.9,56.0,100.0,75.1,54.0,18.0,7.0,0.0,29.4,29.4,29.3,0.0
2019-6-23,Chicago,81.0,73.0,64.0,79.0,65.3,54.0,100.0,75.5,0.0,17.0,7.1,0.0,29.4,29.3,29.1,0.0
2019-6-24,Chicago,77.0,72.4,69.0,73.0,67.5,57.0,100.0,85.6,57.0,23.0,8.6,0.0,29.1,29.1,29.0,0.0
2019-6-25,Chicago,86.0,74.0,63.0,64.0,60.9,54.0,94.0,66.2,33.0,18.0,8.1,3.0,29.3,29.2,29.1,0.0
2019-6-26,Chicago,88.0,75.8,68.0,67.0,63.4,54.0,94.0,67.4,35.0,14.0,6.4,0.0,29.5,29.4,29.3,0.0
2019-6-27,Chicago,88.0,74.7,66.0,73.0,67.1,64.0,100.0,78.9,52.0,29.0,6.7,0.0,29.6,29.5,29.5,0.0
2019-6-28,Chicago,90.0,79.0,70.0,70.0,67.7,64.0,96.0,70.3,43.0,14.0,5.5,0.0,29.5,29.5,29.4,0.0
2019-6-29,Chicago,84.0,74.2,70.0,72.0,69.0,63.0,100.0,84.7,48.0,10.0,2.2,0.0,29.5,29.4,29.4,0.0
2019-6-30,Chicago,86.0,74.0,69.0,72.0,69.8,66.0,100.0,87.5,58.0,22.0,3.7,0.0,29.5,29.4,29.3,0.0
2019-7-1,Chicago,88.0,76.2,70.0,73.0,70.2,66.0,100.0,84.0,55.0,15.0,2.8,0.0,29.4,29.4,29.3,0.0
2019-7-2,Chicago,93.0,80.1,73.0,73.0,71.6,68.0,100.0,76.9,44.0,14.0,5.3,0.0,29.3,29.3,29.2,0.0
2019-7-3,Chicago,84.0,75.2,72.0,73.0,72.3,68.0,100.0,91.7,58.0,9.0,3.4,0.0,29.3,29.3,29.2,0.0
2019-7-4,Chicago,91.0,78.0,69.0,73.0,71.2,68.0,100.0,81.9,49.0,9.0,2.7,0.0,29.4,29.3,29.3,0.0
2019-7-5,Chicago,93.0,80.2,75.0,76.0,72.2,66.0,100.0,78.3,43.0,9.0,2.7,0.0,29.4,29.4,29.3,0.0
2019-7-6,Chicago,81.0,73.2,66.0,76.0,70.6,63.0,100.0,92.0,73.0,24.0,6.5,0.0,29.4,29.4,29.3,0.0
2019-7-7,Chicago,73.0,68.8,66.0,70.0,64.1,59.0,100.0,85.6,68.0,17.0,8.9,5.0,29.4,29.4,29.4,0.0
2019-7-8,Chicago,77.0,69.4,65.0,66.0,62.9,59.0,94.0,80.5,57.0,10.0,5.2,0.0,29.5,29.4,29.4,0.0
2019-7-9,Chicago,88.0,72.9,60.0,68.0,61.5,54.0,100.0,72.2,31.0,8.0,2.8,0.0,29.4,29.4,29.3,0.0
2019-7-10,Chicago,95.0,83.2,77.0,81.0,67.0,58.0,83.0,59.6,40.0,15.0,7.1,0.0,29.3,29.3,29.2,0.0
2019-7-11,Chicago,80.0,72.3,66.0,68.0,64.4,59.0,94.0,77.4,49.0,18.0,6.2,0.0,29.4,29.3,29.3,0.0
2019-7-12,Chicago,86.0,70.2,59.0,66.0,61.2,55.0,100.0,76.5,35.0,8.0,3.3,0.0,29.4,29.3,29.3,0.0
2019-7-13,Chicago,93.0,75.8,66.0,75.0,67.2,64.0,100.0,77.5,43.0,14.0,5.1,0.0,29.4,29.4,29.3,0.0
2019-7-14,Chicago,86.0,76.8,72.0,73.0,69.9,64.0,95.0,80.3,54.0,12.0,3.9,0.0,29.5,29.5,29.4,0.0
2019-7-15,Chicago,91.0,79.1,73.0,71.0,67.2,61.0,88.0,69.0,40.0,18.0,5.0,0.0,29.5,29.4,29.4,0.0
2019-7-16,Chicago,84.0,75.6,72.0,76.0,72.9,65.0,100.0,92.0,65.0,10.0,2.8,0.0,29.4,29.3,29.2,0.0
2019-7-17,Chicago,88.0,78.9,72.0,77.0,73.2,66.0,100.0,84.6,51.0,12.0,2.0,0.0,29.3,29.3,29.2,0.0
2019-7-18,Chicago,90.0,79.8,72.0,79.0,75.6,72.0,100.0,87.7,66.0,15.0,5.3,0.0,29.4,29.2,29.1,0.0
2019-7-19,Chicago,93.0,86.0,81.0,79.0,77.9,77.0,94.0,77.4,59.0,17.0,9.2,3.0,29.3,29.2,29.2,0.0
2019-7-20,Chicago,95.0,83.1,75.0,79.0,74.7,68.0,97.0,76.7,47.0,20.0,7.9,0.0,29.3,29.3,29.2,0.0
2019-7-21,Chicago,81.0,73.7,72.0,75.0,71.1,64.0,100.0,92.2,73.0,21.0,7.3,0.0,29.4,29.3,29.3,0.0
2019-7-22,Chicago,73.0,70.5,66.0,68.0,60.4,50.0,92.0,72.1,44.0,24.0,11.9,3.0,29.5,29.4,29.3,0.0
2019-7-23,Chicago,79.0,66.5,55.0,63.0,58.4,50.0,100.0,77.0,36.0,14.0,5.3,0.0,29.5,29.5,29.4,0.0
2019-7-24,Chicago,75.0,64.9,57.0,64.0,58.5,54.0,100.0,83.4,47.0,12.0,3.7,0.0,29.6,29.5,29.5,0.0
2019-7-25,Chicago,84.0,67.4,57.0,65.0,58.2,52.0,100.0,78.5,33.0,8.0,1.9,0.0,29.6,29.6,29.5,0.0
2019-7-26,Chicago,84.0,72.5,62.0,64.0,61.6,59.0,98.0,71.9,45.0,10.0,4.6,0.0,29.6,29.6,29.5,0.0
2019-7-27,Chicago,88.0,79.0,72.0,65.0,62.5,60.0,73.0,57.5,40.0,22.0,8.2,3.0,29.5,29.5,29.4,0.0
2019-7-28,Chicago,90.0,80.1,73.0,68.0,66.4,63.0,83.0,64.7,40.0,20.0,7.1,0.0,29.4,29.4,29.3,0.0
2019-7-29,Chicago,82.0,75.2,67.0,73.0,69.5,66.0,100.0,83.5,68.0,28.0,6.4,0.0,29.3,29.3,29.2,0.0
2019-7-30,Chicago,75.0,69.5,63.0,70.0,64.3,59.0,100.0,84.3,65.0,17.0,5.2,0.0,29.5,29.4,29.3,0.0
2019-7-31,Chicago,73.0,68.6,66.0,61.0,57.0,50.0,76.0,66.9,50.0,20.0,9.8,3.0,29.6,29.5,29.5,0.0
2019-8-1,Chicago,77.0,70.4,63.0,64.0,61.6,57.0,100.0,74.2,61.0,12.0,6.8,0.0,29.6,29.5,29.5,0.0
2019-8-2,Chicago,81.0,68.8,59.0,66.0,61.0,54.0,100.0,78.8,44.0,12.0,3.5,0.0,29.6,29.5,29.5,0.0
2019-8-3,Chicago,82.0,69.0,60.0,66.0,62.1,57.0,100.0,82.6,45.0,8.0,1.5,0.0,29.5,29.4,29.4,0.0
2019-8-4,Chicago,81.0,71.5,66.0,73.0,67.9,65.0,100.0,89.3,61.0,10.0,2.6,0.0,29.4,29.4,29.4,0.0
2019-8-5,Chicago,90.0,76.2,64.0,69.0,65.0,59.0,100.0,73.3,36.0,20.0,3.9,0.0,29.4,29.3,29.2,0.0
2019-8-6,Chicago,81.0,73.1,65.0,72.0,67.7,64.0,100.0,84.0,61.0,13.0,4.8,0.0,29.2,29.2,29.1,0.0
2019-8-7,Chicago,88.0,73.7,62.0,68.0,62.1,55.0,100.0,72.8,33.0,14.0,3.7,0.0,29.2,29.2,29.2,0.0
2019-8-8,Chicago,82.0,73.6,65.0,70.0,65.0,63.0,98.0,75.9,54.0,14.0,5.3,0.0,29.3,29.2,29.2,0.0
2019-8-9,Chicago,79.0,68.7,59.0,67.0,60.1,50.0,100.0,77.9,39.0,10.0,3.8,0.0,29.4,29.3,29.2,0.0
2019-8-10,Chicago,82.0,68.3,59.0,63.0,58.9,52.0,100.0,76.8,37.0,12.0,2.7,0.0,29.4,29.4,29.4,0.0
2019-8-11,Chicago,82.0,73.0,63.0,70.0,63.2,59.0,95.0,73.0,48.0,12.0,3.8,0.0,29.4,29.4,29.3,0.0
2019-8-12,Chicago,82.0,75.3,72.0,75.0,72.1,70.0,100.0,90.0,74.0,7.0,2.1,0.0,29.3,29.3,29.2,0.0
2019-8-13,Chicago,81.0,74.2,55.0,74.0,72.2,69.0,100.0,90.0,0.0,14.0,5.4,0.0,29.3,29.2,29.1,0.0
2019-8-14,Chicago,79.0,72.2,64.0,72.0,67.9,64.0,100.0,87.3,65.0,15.0,5.3,0.0,29.4,29.3,29.3,0.0
2019-8-15,Chicago,75.0,71.0,64.0,69.0,65.4,63.0,99.0,83.7,65.0,14.0,7.4,0.0,29.4,29.4,29.3,0.0
2019-8-16,Chicago,82.0,71.0,60.0,71.0,65.3,60.0,100.0,84.2,54.0,12.0,3.3,0.0,29.4,29.3,29.2,0.0
2019-8-17,Chicago,79.0,73.5,68.0,72.0,70.5,68.0,100.0,90.0,74.0,14.0,3.2,0.0,29.3,29.3,29.2,0.0
2019-8-18,Chicago,86.0,73.3,67.0,73.0,70.0,67.0,100.0,90.8,55.0,17.0,5.1,0.0,29.3,29.3,29.2,0.0
2019-8-19,Chicago,86.0,75.2,67.0,76.0,71.1,67.0,100.0,88.3,62.0,10.0,2.0,0.0,29.4,29.4,29.3,0.0
2019-8-20,Chicago,81.0,73.3,67.0,75.0,71.5,66.0,100.0,94.6,78.0,10.0,2.5,0.0,29.4,29.4,29.3,0.0
2019-8-21,Chicago,86.0,73.0,63.0,70.0,66.7,63.0,100.0,82.5,48.0,18.0,5.0,0.0,29.4,29.3,29.2,0.0
2019-8-22,Chicago,79.0,73.5,70.0,70.0,58.6,48.0,94.0,61.4,34.0,16.0,8.1,0.0,29.4,29.4,29.3,0.0
2019-8-23,Chicago,73.0,68.8,64.0,55.0,50.9,46.0,73.0,53.4,41.0,14.0,9.4,6.0,29.6,29.5,29.4,0.0
2019-8-24,Chicago,73.0,66.4,61.0,59.0,51.5,41.0,80.0,60.4,33.0,18.0,8.2,3.0,29.7,29.6,29.6,0.0
2019-8-25,Chicago,77.0,67.5,60.0,56.0,51.4,46.0,73.0,57.8,34.0,15.0,7.8,5.0,29.6,29.5,29.3,0.0
2019-8-26,Chicago,79.0,71.5,66.0,73.0,62.8,55.0,89.0,74.8,58.0,18.0,8.1,0.0,29.3,29.2,29.1,0.0
2019-8-27,Chicago,82.0,72.7,68.0,68.0,60.1,50.0,96.0,68.7,34.0,21.0,7.7,0.0,29.3,29.2,29.1,0.0
2019-8-28,Chicago,81.0,67.6,59.0,55.0,50.1,45.0,85.0,55.8,28.0,31.0,10.4,0.0,29.4,29.3,29.3,0.0
2019-8-29,Chicago,84.0,71.0,55.0,67.0,58.3,52.0,94.0,67.3,35.0,211.0,14.5,0.0,29.4,29.3,29.2,0.0
2019-8-30,Chicago,73.0,68.4,61.0,60.0,52.0,46.0,82.0,57.0,40.0,12.0,8.2,0.0,29.6,29.5,29.3,0.0
2019-8-31,Chicago,77.0,66.2,57.0,61.0,51.4,45.0,69.0,59.7,38.0,13.0,7.6,0.0,29.7,29.6,29.6,0.0
2019-9-1,Chicago,73.0,67.1,61.0,65.0,60.6,56.0,94.0,80.5,64.0,14.0,4.9,0.0,29.6,29.5,29.4,0.0
2019-9-2,Chicago,82.0,68.2,59.0,64.0,61.7,57.0,100.0,82.9,45.0,8.0,2.6,0.0,29.5,29.4,29.4,0.0
2019-9-3,Chicago,82.0,72.9,66.0,73.0,64.6,56.0,100.0,75.5,52.0,30.0,8.3,0.0,29.4,29.3,29.2,0.0
2019-9-4,Chicago,72.0,66.2,63.0,59.0,54.5,52.0,73.0,65.8,60.0,15.0,8.3,3.0,29.5,29.4,29.3,0.0
2019-9-5,Chicago,70.0,64.1,57.0,57.0,51.8,48.0,94.0,65.1,49.0,14.0,4.2,0.0,29.6,29.5,29.4,0.0
2019-9-6,Chicago,72.0,66.6,62.0,64.0,58.3,55.0,84.0,74.7,68.0,14.0,7.9,0.0,29.4,29.3,29.3,0.0
2019-9-7,Chicago,79.0,67.8,54.0,63.0,55.3,50.0,100.0,66.4,36.0,13.0,7.9,0.0,29.4,29.4,29.4,0.0
2019-9-8,Chicago,67.0,64.5,58.0,59.0,55.8,54.0,91.0,73.5,64.0,17.0,6.1,0.0,29.5,29.5,29.4,0.0
2019-9-9,Chicago,79.0,67.7,58.0,66.0,61.3,56.0,96.0,81.0,57.0,14.0,5.8,0.0,29.6,29.5,29.4,0.0
2019-9-10,Chicago,90.0,77.8,72.0,72.0,66.7,64.0,86.0,70.8,46.0,21.0,8.0,0.0,29.5,29.4,29.4,0.0
2019-9-11,Chicago,88.0,78.8,72.0,73.0,70.4,64.0,95.0,76.8,46.0,21.0,5.5,0.0,29.5,29.5,29.4,0.0
2019-9-12,Chicago,81.0,72.5,68.0,72.0,68.7,66.0,100.0,88.2,69.0,10.0,5.0,0.0,29.5,29.4,29.4,0.0
2019-9-13,Chicago,79.0,72.0,59.0,82.0,63.9,52.0,100.0,74.3,0.0,21.0,8.8,0.0,29.5,29.4,29.3,0.0
2019-9-14,Chicago,82.0,66.8,54.0,63.0,56.4,52.0,100.0,72.6,37.0,14.0,3.5,0.0,38.4,29.8,29.5,0.0
2019-9-15,Chicago,79.0,70.3,64.0,68.0,62.7,56.0,100.0,77.7,55.0,12.0,5.6,0.0,29.5,29.4,29.4,0.0
2019-9-16,Chicago,72.0,68.2,65.0,70.0,66.2,64.0,100.0,94.0,83.0,12.0,3.7,0.0,29.5,29.5,29.4,0.0
2019-9-17,Chicago,75.0,67.7,62.0,67.0,64.8,60.0,100.0,91.0,65.0,9.0,4.2,0.0,29.6,29.5,29.5,0.0
2019-9-18,Chicago,82.0,69.1,63.0,63.0,59.9,57.0,91.0,74.7,42.0,10.0,4.7,0.0,29.5,29.5,29.4,0.0
2019-9-19,Chicago,84.0,69.5,64.0,64.0,57.9,54.0,93.0,68.4,35.0,10.0,4.3,0.0,29.5,29.4,29.4,0.0
2019-9-20,Chicago,86.0,71.6,64.0,70.0,64.8,62.0,93.0,81.1,48.0,9.0,0.9,0.0,29.5,29.5,29.4,0.0
2019-9-21,Chicago,81.0,74.4,68.0,70.0,67.3,64.0,95.0,78.8,58.0,14.0,6.1,0.0,29.5,29.4,29.4,0.0
2019-9-22,Chicago,81.0,71.0,0.0,70.0,65.2,0.0,94.0,80.3,0.0,20.0,7.8,0.0,29.4,29.3,29.2,0.0
2019-9-23,Chicago,75.0,66.1,56.0,67.0,56.7,41.0,95.0,75.8,29.0,21.0,7.7,0.0,29.4,29.3,29.2,0.0
2019-9-24,Chicago,79.0,64.8,53.0,55.0,53.2,52.0,97.0,69.9,39.0,21.0,6.0,0.0,29.4,29.3,29.2,0.0
2019-9-25,Chicago,81.0,70.0,64.0,61.0,52.7,46.0,73.0,55.5,38.0,20.0,9.8,5.0,29.2,29.2,29.1,0.0
2019-9-26,Chicago,72.0,63.8,54.0,50.0,44.5,34.0,82.0,52.0,27.0,17.0,7.4,0.0,29.4,29.3,29.2,0.0
2019-9-27,Chicago,70.0,62.5,46.0,68.0,53.0,39.0,100.0,74.1,35.0,23.0,7.6,0.0,29.3,29.2,29.1,0.0
2019-9-28,Chicago,67.0,64.8,59.0,67.0,62.6,57.0,100.0,93.0,73.0,14.0,7.3,0.0,29.6,29.4,29.2,0.0
2019-9-29,Chicago,70.0,65.7,63.0,68.0,63.0,58.0,100.0,91.6,80.0,14.0,6.2,0.0,29.6,29.5,29.5,0.0
2019-9-30,Chicago,88.0,75.7,66.0,70.0,67.3,64.0,100.0,78.6,46.0,10.0,4.0,0.0,29.5,29.4,29.3,0.0
